participant,WCST_1,LNS_1,BACS_1,id,p,comp,CLIENT_start,TIME_start,TIME_end,TIME_total
s.0075c7f7-ce69-4746-869d-1df0f71523aa.txt,RU5389_WCST_adol.2025-07-21-1632.data.0075c7f7-ce69-4746-869d-1df0f71523aa.txt,RU5389_LNS_mouse_adol.2025-07-21-1640.data.0075c7f7-ce69-4746-869d-1df0f71523aa.txt,RU5389_BACS_adol.2025-07-21-1628.data.0075c7f7-ce69-4746-869d-1df0f71523aa.txt,70093,7,cogn,,2025-07-21-16-23,2025-07-21-16-40,17
s.023d4507-1e92-4a20-8b69-2392dd17ec67.txt,RU5389_WCST_adol.2025-10-01-1531.data.023d4507-1e92-4a20-8b69-2392dd17ec67.txt,RU5389_LNS_mouse_adol.2025-10-01-1521.data.023d4507-1e92-4a20-8b69-2392dd17ec67.txt,RU5389_BACS_adol.2025-10-01-1526.data.023d4507-1e92-4a20-8b69-2392dd17ec67.txt,70110,7,cogn,,2025-10-01-15-10,2025-10-01-15-31,21
s.033337a0-1e2b-4caa-8984-4080f10db14a.txt,RU5389_WCST_adol.2025-04-22-1309.data.033337a0-1e2b-4caa-8984-4080f10db14a.txt,RU5389_LNS_mouse_adol.2025-04-22-1321.data.033337a0-1e2b-4caa-8984-4080f10db14a.txt,RU5389_BACS_adol.2025-04-22-1312.data.033337a0-1e2b-4caa-8984-4080f10db14a.txt,70051,7,cogn,,2025-04-22-13-03,2025-04-22-13-21,18
s.04b19ce5-ea60-4f51-bdb8-854b4b5a79e5.txt,"","","",70051,7,cogn,,2025-04-22-10-18,"",""
s.05b75f96-bf5b-40dd-9467-8e5c014cb811.txt,RU5389_WCST_adol.2025-05-07-1543.data.05b75f96-bf5b-40dd-9467-8e5c014cb811.txt,RU5389_LNS_mouse_adol.2025-05-07-1556.data.05b75f96-bf5b-40dd-9467-8e5c014cb811.txt,RU5389_BACS_adol.2025-05-07-1546.data.05b75f96-bf5b-40dd-9467-8e5c014cb811.txt,70053,7,cogn,,2025-05-07-15-36,2025-05-07-15-56,20
s.06483f72-6488-49c1-82d7-589e450db282.txt,"","","",99999,7,cogn,,2025-02-03-08-34,"",""
s.1051f4b2-31e2-4ed0-a2a5-a76794c59b5f.txt,RU5389_WCST_adol.2024-08-24-1316.data.1051f4b2-31e2-4ed0-a2a5-a76794c59b5f.txt,RU5389_LNS_mouse_adol.2024-08-24-1318.data.1051f4b2-31e2-4ed0-a2a5-a76794c59b5f.txt,RU5389_BACS_adol.2024-08-24-1317.data.1051f4b2-31e2-4ed0-a2a5-a76794c59b5f.txt,99999,99,both,,2024-08-24-13-11,2024-08-24-13-18,7
s.120b1566-f260-4a00-9d6a-2e81c8715c00.txt,"","","",,,"",,2024-01-16-14-35,"",""
s.1405edd2-f426-4774-901a-97e6021b0d28.txt,"","","",,,"",,2024-01-16-14-13,"",""
s.1be67b89-84ca-4cea-83af-f8ee6ca4aa4d.txt,RU5389_WCST_adol.2025-05-13-1533.data.1be67b89-84ca-4cea-83af-f8ee6ca4aa4d.txt,RU5389_LNS_mouse_adol.2025-05-13-1541.data.1be67b89-84ca-4cea-83af-f8ee6ca4aa4d.txt,RU5389_BACS_adol.2025-05-13-1529.data.1be67b89-84ca-4cea-83af-f8ee6ca4aa4d.txt,70057,7,cogn,,2025-05-13-15-26,2025-05-13-15-41,15
s.245a5be1-007d-441a-a5af-0fb4d065dfaf.txt,RU5389_WCST_adol.2025-03-20-1553.data.245a5be1-007d-441a-a5af-0fb4d065dfaf.txt,RU5389_LNS_mouse_adol.2025-03-20-1548.data.245a5be1-007d-441a-a5af-0fb4d065dfaf.txt,RU5389_BACS_adol.2025-03-20-1536.data.245a5be1-007d-441a-a5af-0fb4d065dfaf.txt,70031,7,cogn,,2025-03-20-15-32,2025-03-20-15-53,21
s.251eb5da-9c0d-4240-8dfc-3ef8469fae97.txt,RU5389_WCST_adol.2025-05-09-1713.data.251eb5da-9c0d-4240-8dfc-3ef8469fae97.txt,RU5389_LNS_mouse_adol.2025-05-09-1722.data.251eb5da-9c0d-4240-8dfc-3ef8469fae97.txt,RU5389_BACS_adol.2025-05-09-1708.data.251eb5da-9c0d-4240-8dfc-3ef8469fae97.txt,70068,7,cogn,,2025-05-09-17-04,2025-05-09-17-22,18
s.26df68ce-803a-4ca6-ae75-3ba99b3045cf.txt,RU5389_WCST_adol.2025-04-12-1239.data.26df68ce-803a-4ca6-ae75-3ba99b3045cf.txt,RU5389_LNS_mouse_adol.2025-04-12-1254.data.26df68ce-803a-4ca6-ae75-3ba99b3045cf.txt,RU5389_BACS_adol.2025-04-12-1258.data.26df68ce-803a-4ca6-ae75-3ba99b3045cf.txt,70043,7,cogn,,2025-04-12-12-34,2025-04-12-12-58,24
s.29bc0a44-1ed7-4eba-b700-fd9d7bb067b4.txt,"","","",,,"",,2024-01-16-13-29,"",""
s.2c648a99-705d-4b59-a3eb-40b8fd25d277.txt,"","","",999,7,"",,2024-01-16-13-42,"",""
s.2eeac995-8f9c-4cca-9005-6c6489133b07.txt,"","","",70002,7,cogn,,2025-01-07-16-01,"",""
s.2fa65e5f-b26d-4307-8e35-f29777fb9392.txt,RU5389_WCST_adol.2025-09-26-1652.data.2fa65e5f-b26d-4307-8e35-f29777fb9392.txt,RU5389_LNS_mouse_adol.2025-09-26-1645.data.2fa65e5f-b26d-4307-8e35-f29777fb9392.txt,RU5389_BACS_adol.2025-09-26-1655.data.2fa65e5f-b26d-4307-8e35-f29777fb9392.txt,70104,7,cogn,,2025-09-26-16-35,2025-09-26-16-55,20
s.31bb70be-1ee0-46ed-922a-5113f842ea5f.txt,"","","",999,7,"",,2024-01-16-17-18,"",""
s.333ae20c-ba8f-47a8-9b19-77d2183b52db.txt,"","","",79999,7,cogn,,2025-04-24-07-34,"",""
s.342d56e6-c087-481f-b211-96afa4b569a0.txt,RU5389_WCST_adol.2025-08-14-1508.data.342d56e6-c087-481f-b211-96afa4b569a0.txt,RU5389_LNS_mouse_adol.2025-08-14-1518.data.342d56e6-c087-481f-b211-96afa4b569a0.txt,RU5389_BACS_adol.2025-08-14-1503.data.342d56e6-c087-481f-b211-96afa4b569a0.txt,70087,7,cogn,,2025-08-14-14-59,2025-08-14-15-18,19
s.37e8664f-fdf0-4d0a-953d-796462618275.txt,RU5389_WCST_adol.2025-05-28-1458.data.37e8664f-fdf0-4d0a-953d-796462618275.txt,RU5389_LNS_mouse_adol.2025-05-28-1512.data.37e8664f-fdf0-4d0a-953d-796462618275.txt,RU5389_BACS_adol.2025-05-28-1501.data.37e8664f-fdf0-4d0a-953d-796462618275.txt,70073,7,cogn,,2025-05-28-14-52,2025-05-28-15-12,20
s.3978ad21-e349-4d36-a759-7fcbff000ee0.txt,RU5389_WCST_adol.2025-01-15-1759.data.3978ad21-e349-4d36-a759-7fcbff000ee0.txt,RU5389_LNS_mouse_adol.2025-01-15-1754.data.3978ad21-e349-4d36-a759-7fcbff000ee0.txt,RU5389_BACS_adol.2025-01-15-1803.data.3978ad21-e349-4d36-a759-7fcbff000ee0.txt,70016,7,cogn,,2025-01-15-17-44,2025-01-15-18-03,19
s.398ff6d2-99d4-44fd-9d56-e09609e236ea.txt,RU5389_WCST_adol.2025-07-17-1109.data.398ff6d2-99d4-44fd-9d56-e09609e236ea.txt,RU5389_LNS_mouse_adol.2025-07-17-1122.data.398ff6d2-99d4-44fd-9d56-e09609e236ea.txt,RU5389_BACS_adol.2025-07-17-1113.data.398ff6d2-99d4-44fd-9d56-e09609e236ea.txt,70089,7,cogn,,2025-07-17-11-05,2025-07-17-11-22,17
s.3cee9e83-a016-479d-9278-de06e5736f68.txt,RU5389_WCST_adol.2025-04-08-1626.data.3cee9e83-a016-479d-9278-de06e5736f68.txt,RU5389_LNS_mouse_adol.2025-04-08-1622.data.3cee9e83-a016-479d-9278-de06e5736f68.txt,RU5389_BACS_adol.2025-04-08-1629.data.3cee9e83-a016-479d-9278-de06e5736f68.txt,70047,7,cogn,,2025-04-08-16-14,2025-04-08-16-29,15
s.3ebdfbef-730a-402d-b10f-ef1eacc6d476.txt,RU5389_WCST_adol.2025-06-20-1624.data.3ebdfbef-730a-402d-b10f-ef1eacc6d476.txt,RU5389_LNS_mouse_adol.2025-06-20-1633.data.3ebdfbef-730a-402d-b10f-ef1eacc6d476.txt,RU5389_BACS_adol.2025-06-20-1620.data.3ebdfbef-730a-402d-b10f-ef1eacc6d476.txt,70071,7,cogn,,2025-06-20-16-16,2025-06-20-16-33,17
s.4467a094-4824-42dc-9403-87c2dcebd0af.txt,RU5389_WCST_adol.2025-06-20-1531.data.4467a094-4824-42dc-9403-87c2dcebd0af.txt,RU5389_LNS_mouse_adol.2025-06-20-1542.data.4467a094-4824-42dc-9403-87c2dcebd0af.txt,RU5389_BACS_adol.2025-06-20-1534.data.4467a094-4824-42dc-9403-87c2dcebd0af.txt,70072,7,cogn,,2025-06-20-15-25,2025-06-20-15-42,17
s.463b99d8-ae53-4f3d-a198-cc0020e4322e.txt,"","","",,,"",,2024-01-16-14-17,"",""
s.49568b4d-acdc-4d3c-af9f-454aaf630e9d.txt,"","","",999,0,"",,2024-03-04-14-23,"",""
s.4ad41212-36ff-42c4-8fd4-72643de02705.txt,RU5389_WCST_adol.2025-05-27-1201.data.4ad41212-36ff-42c4-8fd4-72643de02705.txt,RU5389_LNS_mouse_adol.2025-05-27-1212.data.4ad41212-36ff-42c4-8fd4-72643de02705.txt,RU5389_BACS_adol.2025-05-27-1204.data.4ad41212-36ff-42c4-8fd4-72643de02705.txt,70076,7,cogn,,2025-05-27-11-56,2025-05-27-12-12,16
s.4b0a5e27-6aa9-4c22-a349-1de769095224.txt,RU5389_WCST_adol.2024-08-19-1740.data.4b0a5e27-6aa9-4c22-a349-1de769095224.txt,RU5389_LNS_mouse_adol.2024-08-19-1735.data.4b0a5e27-6aa9-4c22-a349-1de769095224.txt,RU5389_BACS_adol.2024-08-19-1744.data.4b0a5e27-6aa9-4c22-a349-1de769095224.txt,79019,7,"",,2024-08-19-17-27,2024-08-19-17-44,17
s.4ed14d66-d7f1-48da-a204-c2165d6f91d4.txt,RU5389_WCST_adol.2025-03-14-1212.data.4ed14d66-d7f1-48da-a204-c2165d6f91d4.txt,RU5389_LNS_mouse_adol.2025-03-14-1223.data.4ed14d66-d7f1-48da-a204-c2165d6f91d4.txt,RU5389_BACS_adol.2025-03-14-1215.data.4ed14d66-d7f1-48da-a204-c2165d6f91d4.txt,70039,7,cogn,,2025-03-14-12-08,2025-03-14-12-23,15
s.4f111007-39a0-4a85-a584-2012ad539902.txt,RU5389_WCST_adol.2025-04-03-1339.data.4f111007-39a0-4a85-a584-2012ad539902.txt,RU5389_LNS_mouse_adol.2025-04-03-1335.data.4f111007-39a0-4a85-a584-2012ad539902.txt,RU5389_BACS_adol.2025-04-03-1324.data.4f111007-39a0-4a85-a584-2012ad539902.txt,70036,7,both,,2025-04-03-13-21,2025-04-03-13-39,18
s.4f549e06-e838-4d8d-a609-655c4681f8e6.txt,RU5389_WCST_adol.2025-07-21-1657.data.4f549e06-e838-4d8d-a609-655c4681f8e6.txt,RU5389_LNS_mouse_adol.2025-07-21-1649.data.4f549e06-e838-4d8d-a609-655c4681f8e6.txt,RU5389_BACS_adol.2025-07-21-1653.data.4f549e06-e838-4d8d-a609-655c4681f8e6.txt,70092,7,cogn,,2025-07-21-16-38,2025-07-21-16-57,19
s.4f6fea4a-6081-44aa-bb60-2f00efca10fb.txt,RU5389_WCST_adol.2025-05-26-1435.data.4f6fea4a-6081-44aa-bb60-2f00efca10fb.txt,RU5389_LNS_mouse_adol.2025-05-26-1432.data.4f6fea4a-6081-44aa-bb60-2f00efca10fb.txt,RU5389_BACS_adol.2025-05-26-1422.data.4f6fea4a-6081-44aa-bb60-2f00efca10fb.txt,70077,7,cogn,,2025-05-26-14-17,2025-05-26-14-35,18
s.50ab8cb3-8b7e-45d2-babf-3514d8008784.txt,RU5389_WCST_adol.2025-04-03-0851.data.50ab8cb3-8b7e-45d2-babf-3514d8008784.txt,RU5389_LNS_mouse_adol.2025-04-03-0903.data.50ab8cb3-8b7e-45d2-babf-3514d8008784.txt,RU5389_BACS_adol.2025-04-03-0855.data.50ab8cb3-8b7e-45d2-babf-3514d8008784.txt,70032,7,cogn,,2025-04-03-08-46,2025-04-03-09-03,17
s.5448b2b4-2e26-456e-ad87-288650ec6147.txt,RU5389_WCST_adol.2024-12-12-1726.data.5448b2b4-2e26-456e-ad87-288650ec6147.txt,RU5389_LNS_mouse_adol.2024-12-12-1737.data.5448b2b4-2e26-456e-ad87-288650ec6147.txt,RU5389_BACS_adol.2024-12-12-1722.data.5448b2b4-2e26-456e-ad87-288650ec6147.txt,70002,7,cogn,,2024-12-12-17-16,2024-12-12-17-37,21
s.54c63a1d-3ce0-42c8-a2fc-3c0bbd9cf997.txt,RU5389_WCST_adol.2025-04-30-1637.data.54c63a1d-3ce0-42c8-a2fc-3c0bbd9cf997.txt,RU5389_LNS_mouse_adol.2025-04-30-1647.data.54c63a1d-3ce0-42c8-a2fc-3c0bbd9cf997.txt,RU5389_BACS_adol.2025-04-30-1633.data.54c63a1d-3ce0-42c8-a2fc-3c0bbd9cf997.txt,70063,7,cogn,,2025-04-30-16-29,2025-04-30-16-47,18
s.5575abf7-0769-40cf-8b81-01e8676c570e.txt,RU5389_WCST_adol.2025-10-23-1358.data.5575abf7-0769-40cf-8b81-01e8676c570e.txt,RU5389_LNS_mouse_adol.2025-10-23-1410.data.5575abf7-0769-40cf-8b81-01e8676c570e.txt,RU5389_BACS_adol.2025-10-23-1402.data.5575abf7-0769-40cf-8b81-01e8676c570e.txt,70118,7,cogn,,2025-10-23-13-50,2025-10-23-14-10,20
s.56b3992a-4c68-4ee9-90b5-3b779dbd9426.txt,RU5389_WCST_adol.2025-06-25-1546.data.56b3992a-4c68-4ee9-90b5-3b779dbd9426.txt,RU5389_LNS_mouse_adol.2025-06-25-1542.data.56b3992a-4c68-4ee9-90b5-3b779dbd9426.txt,RU5389_BACS_adol.2025-06-25-1529.data.56b3992a-4c68-4ee9-90b5-3b779dbd9426.txt,70062,7,cogn,,2025-06-25-15-26,2025-06-25-15-46,20
s.57a61bb1-048e-461a-8b9c-6a243f03469d.txt,RU5389_WCST_adol.2025-05-13-1506.data.57a61bb1-048e-461a-8b9c-6a243f03469d.txt,RU5389_LNS_mouse_adol.2025-05-13-1458.data.57a61bb1-048e-461a-8b9c-6a243f03469d.txt,RU5389_BACS_adol.2025-05-13-1501.data.57a61bb1-048e-461a-8b9c-6a243f03469d.txt,70066,7,cogn,,2025-05-13-14-49,2025-05-13-15-06,17
s.596dccff-a35d-4f94-8155-1c600fa01d36.txt,RU5389_WCST_adol.2025-04-23-1639.data.596dccff-a35d-4f94-8155-1c600fa01d36.txt,RU5389_LNS_mouse_adol.2025-04-23-1630.data.596dccff-a35d-4f94-8155-1c600fa01d36.txt,RU5389_BACS_adol.2025-04-23-1634.data.596dccff-a35d-4f94-8155-1c600fa01d36.txt,70050,7,cogn,,2025-04-23-16-20,2025-04-23-16-39,19
s.5c441c0f-8268-425c-9d35-a57edbe0c323.txt,RU5389_WCST_adol.2025-10-22-1643.data.5c441c0f-8268-425c-9d35-a57edbe0c323.txt,RU5389_LNS_mouse_adol.2025-10-22-1636.data.5c441c0f-8268-425c-9d35-a57edbe0c323.txt,"",70115,7,cogn,,2025-10-22-15-50,2025-10-22-16-43,53
s.5ef44c61-badc-4459-b302-73490a3b4c84.txt,RU5389_WCST_adol.2025-06-20-0959.data.5ef44c61-badc-4459-b302-73490a3b4c84.txt,RU5389_LNS_mouse_adol.2025-06-20-1007.data.5ef44c61-badc-4459-b302-73490a3b4c84.txt,RU5389_BACS_adol.2025-06-20-1003.data.5ef44c61-badc-4459-b302-73490a3b4c84.txt,999999,7,cogn,,2025-06-20-09-55,2025-06-20-10-07,12
s.5fafb5bb-d04d-4ccd-8a91-c92937fe8bef.txt,RU5389_WCST_adol.2025-07-09-1343.data.5fafb5bb-d04d-4ccd-8a91-c92937fe8bef.txt,RU5389_LNS_mouse_adol.2025-07-09-1350.data.5fafb5bb-d04d-4ccd-8a91-c92937fe8bef.txt,RU5389_BACS_adol.2025-07-09-1353.data.5fafb5bb-d04d-4ccd-8a91-c92937fe8bef.txt,70085,7,cogn,,2025-07-09-13-38,2025-07-09-13-53,15
s.6645a1c2-abd1-4b9b-890a-12d3f2956fbe.txt,RU5389_WCST_adol.2025-05-15-1619.data.6645a1c2-abd1-4b9b-890a-12d3f2956fbe.txt,RU5389_LNS_mouse_adol.2025-05-15-1614.data.6645a1c2-abd1-4b9b-890a-12d3f2956fbe.txt,RU5389_BACS_adol.2025-05-15-1606.data.6645a1c2-abd1-4b9b-890a-12d3f2956fbe.txt,70069,7,cogn,,2025-05-15-16-01,2025-05-15-16-19,18
s.69a8aa40-656b-435f-aed2-238ec47746cf.txt,"","","",,,"",,2024-03-04-14-27,"",""
s.6bdaf158-61ba-40e3-978c-90bfde2e84b7.txt,RU5389_WCST_adol.2024-11-07-1257.data.6bdaf158-61ba-40e3-978c-90bfde2e84b7.txt,"","",99999,99,cogn,,2024-11-07-12-53,"",""
s.6ddd265a-fea4-4a45-add6-604112304721.txt,RU5389_WCST_adol.2024-08-24-1252.data.6ddd265a-fea4-4a45-add6-604112304721.txt,"","",99999,99,cogn,,2024-08-24-12-50,"",""
s.6fc52f1f-6de1-4254-9983-e414b0808604.txt,"","","",99999,99,cogn,,2024-08-24-12-46,"",""
s.726f9ebf-b16f-467b-a881-b50701f492bd.txt,"","","",99999,7,cogn,,2025-08-13-08-01,"",""
s.73f7c959-d620-4e16-852b-17a916e28218.txt,RU5389_WCST_adol.2025-05-28-1144.data.73f7c959-d620-4e16-852b-17a916e28218.txt,RU5389_LNS_mouse_adol.2025-05-28-1136.data.73f7c959-d620-4e16-852b-17a916e28218.txt,RU5389_BACS_adol.2025-05-28-1140.data.73f7c959-d620-4e16-852b-17a916e28218.txt,70058,7,cogn,,2025-05-28-11-29,2025-05-28-11-44,15
s.75e8d99e-0a9f-494c-a833-959c372275fc.txt,RU5389_WCST_adol.2025-04-11-1649.data.75e8d99e-0a9f-494c-a833-959c372275fc.txt,RU5389_LNS_mouse_adol.2025-04-11-1656.data.75e8d99e-0a9f-494c-a833-959c372275fc.txt,RU5389_BACS_adol.2025-04-11-1644.data.75e8d99e-0a9f-494c-a833-959c372275fc.txt,70048,7,cogn,,2025-04-11-16-40,2025-04-11-16-56,16
s.7787f6a3-04e5-4fac-8350-c6d180391366.txt,"","","",,,"",,2024-02-11-13-10,"",""
s.7d9c068f-e28c-46c1-937f-b3b2ad0b8cac.txt,RU5389_WCST_adol.2025-07-09-1647.data.7d9c068f-e28c-46c1-937f-b3b2ad0b8cac.txt,RU5389_LNS_mouse_adol.2025-07-09-1641.data.7d9c068f-e28c-46c1-937f-b3b2ad0b8cac.txt,RU5389_BACS_adol.2025-07-09-1650.data.7d9c068f-e28c-46c1-937f-b3b2ad0b8cac.txt,70090,7,cogn,,2025-07-09-16-31,2025-07-09-16-50,19
s.807bf2f7-a242-479f-a6fc-70196c32fc93.txt,RU5389_WCST_adol.2025-06-11-1623.data.807bf2f7-a242-479f-a6fc-70196c32fc93.txt,RU5389_LNS_mouse_adol.2025-06-11-1636.data.807bf2f7-a242-479f-a6fc-70196c32fc93.txt,RU5389_BACS_adol.2025-06-11-1627.data.807bf2f7-a242-479f-a6fc-70196c32fc93.txt,70074,7,cogn,,2025-06-11-16-18,2025-06-11-16-36,18
s.82e5c0a6-f8ef-4345-bac6-cff9faabc114.txt,RU5389_WCST_adol.2025-07-16-1342.data.82e5c0a6-f8ef-4345-bac6-cff9faabc114.txt,RU5389_LNS_mouse_adol.2025-07-16-1353.data.82e5c0a6-f8ef-4345-bac6-cff9faabc114.txt,RU5389_BACS_adol.2025-07-16-1357.data.82e5c0a6-f8ef-4345-bac6-cff9faabc114.txt,70086,7,cogn,,2025-07-16-13-36,2025-07-16-13-57,21
s.8412cbb5-22c0-4fdb-9a31-909437ce214b.txt,"","","",,,"",,2024-01-16-14-06,"",""
s.908b102f-dcca-4f50-a746-25007dc22e90.txt,"","","",123456,99,cogn,,2025-08-07-13-35,"",""
s.90fdc117-2682-4c65-a357-34580f1f64b1.txt,"","","",99999,99,"",,2024-07-04-16-20,"",""
s.9115792d-3d1e-48a6-9459-1881c5cc5ea4.txt,"","","",,,"",,2024-01-31-13-51,"",""
s.953d3188-7625-4e2a-b1b8-2fb0c990c590.txt,RU5389_WCST_adol.2025-04-11-1619.data.953d3188-7625-4e2a-b1b8-2fb0c990c590.txt,RU5389_LNS_mouse_adol.2025-04-11-1614.data.953d3188-7625-4e2a-b1b8-2fb0c990c590.txt,RU5389_BACS_adol.2025-04-11-1604.data.953d3188-7625-4e2a-b1b8-2fb0c990c590.txt,70046,7,cogn,,2025-04-11-15-59,2025-04-11-16-19,20
s.971046da-4981-4ba6-95a9-a645dbe7e1af.txt,RU5389_WCST_adol.2025-04-23-1633.data.971046da-4981-4ba6-95a9-a645dbe7e1af.txt,RU5389_LNS_mouse_adol.2025-04-23-1628.data.971046da-4981-4ba6-95a9-a645dbe7e1af.txt,RU5389_BACS_adol.2025-04-23-1617.data.971046da-4981-4ba6-95a9-a645dbe7e1af.txt,70052,7,cogn,,2025-04-23-16-13,2025-04-23-16-33,20
s.98eca646-93f2-433e-b1ab-4dec4546bd3d.txt,RU5389_WCST_adol.2025-07-07-1630.data.98eca646-93f2-433e-b1ab-4dec4546bd3d.txt,RU5389_LNS_mouse_adol.2025-07-07-1644.data.98eca646-93f2-433e-b1ab-4dec4546bd3d.txt,RU5389_BACS_adol.2025-07-07-1635.data.98eca646-93f2-433e-b1ab-4dec4546bd3d.txt,70088,7,cogn,,2025-07-07-16-23,2025-07-07-16-44,21
s.9938c18b-77e9-41b7-b55d-8e6c59424797.txt,RU5389_WCST_adol.2025-09-17-1618.data.9938c18b-77e9-41b7-b55d-8e6c59424797.txt,RU5389_LNS_mouse_adol.2025-09-17-1636.data.9938c18b-77e9-41b7-b55d-8e6c59424797.txt,RU5389_BACS_adol.2025-09-17-1623.data.9938c18b-77e9-41b7-b55d-8e6c59424797.txt,70094,7,cogn,,2025-09-17-16-12,2025-09-17-16-36,24
s.99ebdd0e-d8f5-4c1f-a2bc-258c62bfa892.txt,RU5389_WCST_adol.2025-09-05-1605.data.99ebdd0e-d8f5-4c1f-a2bc-258c62bfa892.txt,RU5389_LNS_mouse_adol.2025-09-05-1618.data.99ebdd0e-d8f5-4c1f-a2bc-258c62bfa892.txt,RU5389_BACS_adol.2025-09-05-1609.data.99ebdd0e-d8f5-4c1f-a2bc-258c62bfa892.txt,70091,7,cogn,,2025-09-05-16-01,2025-09-05-16-18,17
s.9a9c7e74-0781-44a9-8c5c-a8ee1f4ab9c1.txt,"","","",70106,7,cogn,,2025-10-13-14-55,"",""
s.9b045ac1-1b2e-40e4-b586-31640d2f9e90.txt,RU5389_WCST_adol.2025-02-28-1542.data.9b045ac1-1b2e-40e4-b586-31640d2f9e90.txt,RU5389_LNS_mouse_adol.2025-02-28-1535.data.9b045ac1-1b2e-40e4-b586-31640d2f9e90.txt,RU5389_BACS_adol.2025-02-28-1538.data.9b045ac1-1b2e-40e4-b586-31640d2f9e90.txt,70026,7,cogn,,2025-02-28-15-21,2025-02-28-15-42,21
s.a0add33b-f30c-43ce-9af4-7b5bec0961f0.txt,RU5389_WCST_adol.2024-11-07-1829.data.a0add33b-f30c-43ce-9af4-7b5bec0961f0.txt,RU5389_LNS_mouse_adol.2024-11-07-1825.data.a0add33b-f30c-43ce-9af4-7b5bec0961f0.txt,RU5389_BACS_adol.2024-11-07-1833.data.a0add33b-f30c-43ce-9af4-7b5bec0961f0.txt,77001,7,cogn,,2024-11-07-18-13,2024-11-07-18-33,20
s.a1b6b961-1079-449f-897e-90267399da36.txt,RU5389_WCST_adol.2024-02-28-1428.data.a1b6b961-1079-449f-897e-90267399da36.txt,"",RU5389_BACS_adol.2024-02-28-1430.data.a1b6b961-1079-449f-897e-90267399da36.txt,999,0,"",,2024-02-28-14-24,2024-02-28-14-38,14
s.a88bc987-dca7-4744-9362-5ded4c537406.txt,RU5389_WCST_adol.2025-01-06-1800.data.a88bc987-dca7-4744-9362-5ded4c537406.txt,RU5389_LNS_mouse_adol.2025-01-06-1812.data.a88bc987-dca7-4744-9362-5ded4c537406.txt,RU5389_BACS_adol.2025-01-06-1818.data.a88bc987-dca7-4744-9362-5ded4c537406.txt,70008,7,cogn,,2025-01-06-17-54,2025-01-06-18-18,24
s.b1edd280-5cd5-45f1-9873-0d6a6b7f3cd9.txt,RU5389_WCST_adol.2025-08-04-1130.data.b1edd280-5cd5-45f1-9873-0d6a6b7f3cd9.txt,RU5389_LNS_mouse_adol.2025-08-04-1121.data.b1edd280-5cd5-45f1-9873-0d6a6b7f3cd9.txt,RU5389_BACS_adol.2025-08-04-1125.data.b1edd280-5cd5-45f1-9873-0d6a6b7f3cd9.txt,70098,7,cogn,,2025-08-04-11-11,2025-08-04-11-30,19
s.b4f5407f-c7fb-4240-9658-a9e67b663ee0.txt,"","","",99999,7,"",,2024-05-13-05-20,"",""
s.b81dbb04-76b3-4c18-9f45-cdd66e06fe2c.txt,RU5389_WCST_adol.2025-02-18-1637.data.b81dbb04-76b3-4c18-9f45-cdd66e06fe2c.txt,RU5389_LNS_mouse_adol.2025-02-18-1632.data.b81dbb04-76b3-4c18-9f45-cdd66e06fe2c.txt,RU5389_BACS_adol.2025-02-18-1642.data.b81dbb04-76b3-4c18-9f45-cdd66e06fe2c.txt,70027,7,cogn,,2025-02-18-16-21,2025-02-18-16-42,21
s.b88510f1-4682-4daa-afc5-8fe4b3b661a7.txt,RU5389_WCST_adol.2025-09-08-1658.data.b88510f1-4682-4daa-afc5-8fe4b3b661a7.txt,RU5389_LNS_mouse_adol.2025-09-08-1654.data.b88510f1-4682-4daa-afc5-8fe4b3b661a7.txt,RU5389_BACS_adol.2025-09-08-1702.data.b88510f1-4682-4daa-afc5-8fe4b3b661a7.txt,70109,7,cogn,,2025-09-08-16-42,2025-09-08-17-02,20
s.b89a3ab9-4561-4b94-b0bd-8fe4bd0e2c8f.txt,RU5389_WCST_adol.2025-03-18-1421.data.b89a3ab9-4561-4b94-b0bd-8fe4bd0e2c8f.txt,RU5389_LNS_mouse_adol.2025-03-18-1412.data.b89a3ab9-4561-4b94-b0bd-8fe4bd0e2c8f.txt,RU5389_BACS_adol.2025-03-18-1416.data.b89a3ab9-4561-4b94-b0bd-8fe4bd0e2c8f.txt,70033,7,cogn,,2025-03-18-14-00,2025-03-18-14-21,21
s.be231a14-ece9-4177-a497-7a6fe70cf89b.txt,RU5389_WCST_adol.2025-08-28-1417.data.be231a14-ece9-4177-a497-7a6fe70cf89b.txt,RU5389_LNS_mouse_adol.2025-08-28-1424.data.be231a14-ece9-4177-a497-7a6fe70cf89b.txt,RU5389_BACS_adol.2025-08-28-1413.data.be231a14-ece9-4177-a497-7a6fe70cf89b.txt,70102,7,cogn,,2025-08-28-14-10,2025-08-28-14-24,14
s.c0c2b8ae-adf8-4cdd-8b62-295d7244bdb9.txt,RU5389_WCST_adol.2025-06-04-1438.data.c0c2b8ae-adf8-4cdd-8b62-295d7244bdb9.txt,RU5389_LNS_mouse_adol.2025-06-04-1432.data.c0c2b8ae-adf8-4cdd-8b62-295d7244bdb9.txt,RU5389_BACS_adol.2025-06-04-1442.data.c0c2b8ae-adf8-4cdd-8b62-295d7244bdb9.txt,70070,7,cogn,,2025-06-04-14-19,2025-06-04-14-42,23
s.c2905b0f-a0f2-4878-9677-ba28185f2bac.txt,RU5389_WCST_adol.2025-02-08-1230.data.c2905b0f-a0f2-4878-9677-ba28185f2bac.txt,RU5389_LNS_mouse_adol.2025-02-08-1241.data.c2905b0f-a0f2-4878-9677-ba28185f2bac.txt,RU5389_BACS_adol.2025-02-08-1244.data.c2905b0f-a0f2-4878-9677-ba28185f2bac.txt,70023,7,cogn,,2025-02-08-12-24,2025-02-08-12-44,20
s.c368546f-84eb-4d3a-a3ae-96cdbf832ed0.txt,RU5389_WCST_adol.2024-02-11-1305.data.c368546f-84eb-4d3a-a3ae-96cdbf832ed0.txt,"",RU5389_BACS_adol.2024-02-11-1307.data.c368546f-84eb-4d3a-a3ae-96cdbf832ed0.txt,0,7,"",,2024-02-11-13-00,"",""
s.c6ce1f8d-4f88-4443-8fa1-dd1f0b0b417a.txt,RU5389_WCST_adol.2025-08-01-1108.data.c6ce1f8d-4f88-4443-8fa1-dd1f0b0b417a.txt,RU5389_LNS_mouse_adol.2025-08-01-1120.data.c6ce1f8d-4f88-4443-8fa1-dd1f0b0b417a.txt,RU5389_BACS_adol.2025-08-01-1112.data.c6ce1f8d-4f88-4443-8fa1-dd1f0b0b417a.txt,70100,7,cogn,,2025-08-01-11-04,2025-08-01-11-20,16
s.c748488a-8af5-4544-b16f-35238dc18f76.txt,RU5389_WCST_adol.2025-08-05-0843.data.c748488a-8af5-4544-b16f-35238dc18f76.txt,RU5389_LNS_mouse_adol.2025-08-05-0852.data.c748488a-8af5-4544-b16f-35238dc18f76.txt,RU5389_BACS_adol.2025-08-05-0856.data.c748488a-8af5-4544-b16f-35238dc18f76.txt,70099,7,cogn,,2025-08-05-08-37,2025-08-05-08-56,19
s.c845370e-ce09-4ddb-9570-9402067c2935.txt,RU5389_WCST_adol.2025-03-25-1728.data.c845370e-ce09-4ddb-9570-9402067c2935.txt,RU5389_LNS_mouse_adol.2025-03-25-1742.data.c845370e-ce09-4ddb-9570-9402067c2935.txt,RU5389_BACS_adol.2025-03-25-1731.data.c845370e-ce09-4ddb-9570-9402067c2935.txt,70044,7,cogn,,2025-03-25-17-23,2025-03-25-17-42,19
s.cc989d1f-771f-4b76-b59d-e049ba1b461f.txt,"",RU5389_LNS_mouse_adol.2025-03-14-1216.data.cc989d1f-771f-4b76-b59d-e049ba1b461f.txt,RU5389_BACS_adol.2025-03-14-1228.data.cc989d1f-771f-4b76-b59d-e049ba1b461f.txt,70038,7,cogn,,2025-03-14-12-02,2025-03-14-12-28,26
s.cf0190be-7004-4869-8fe3-687d1ef4630f.txt,RU5389_WCST_adol.2025-05-26-1214.data.cf0190be-7004-4869-8fe3-687d1ef4630f.txt,RU5389_LNS_mouse_adol.2025-05-26-1228.data.cf0190be-7004-4869-8fe3-687d1ef4630f.txt,RU5389_BACS_adol.2025-05-26-1217.data.cf0190be-7004-4869-8fe3-687d1ef4630f.txt,70022,7,cogn,,2025-05-26-12-10,2025-05-26-12-28,18
s.cff159e7-c3b1-4737-b8ac-cea347d1368f.txt,RU5389_WCST_adol.2025-06-24-1124.data.cff159e7-c3b1-4737-b8ac-cea347d1368f.txt,RU5389_LNS_mouse_adol.2025-06-24-1119.data.cff159e7-c3b1-4737-b8ac-cea347d1368f.txt,RU5389_BACS_adol.2025-06-24-1104.data.cff159e7-c3b1-4737-b8ac-cea347d1368f.txt,70084,7,cogn,,2025-06-24-11-01,2025-06-24-11-24,23
s.d0d20a7a-fd92-46b7-80dd-08368da77fdd.txt,RU5389_WCST_adol.2025-02-03-1459.data.d0d20a7a-fd92-46b7-80dd-08368da77fdd.txt,RU5389_LNS_mouse_adol.2025-02-03-1508.data.d0d20a7a-fd92-46b7-80dd-08368da77fdd.txt,RU5389_BACS_adol.2025-02-03-1454.data.d0d20a7a-fd92-46b7-80dd-08368da77fdd.txt,70017,7,cogn,,2025-02-03-14-51,2025-02-03-15-08,17
s.d21f5182-507b-40d2-b9a2-5c8e77dc068b.txt,"","","",,,"",,2024-02-09-13-49,"",""
s.d4889aed-cddc-42b0-ad7a-e4460e737f71.txt,"","","",,,"",,2024-01-16-14-25,"",""
s.d58f006f-ae02-4109-af25-242b902b5c82.txt,RU5389_WCST_adol.2025-03-06-1629.data.d58f006f-ae02-4109-af25-242b902b5c82.txt,RU5389_LNS_mouse_adol.2025-03-06-1624.data.d58f006f-ae02-4109-af25-242b902b5c82.txt,RU5389_BACS_adol.2025-03-06-1614.data.d58f006f-ae02-4109-af25-242b902b5c82.txt,70034,7,cogn,,2025-03-06-16-11,2025-03-06-16-29,18
s.d6f3c3bd-7fcd-4cf5-bb86-9d1a78d6c2b0.txt,RU5389_WCST_adol.2025-05-23-1047.data.d6f3c3bd-7fcd-4cf5-bb86-9d1a78d6c2b0.txt,RU5389_LNS_mouse_adol.2025-05-23-1057.data.d6f3c3bd-7fcd-4cf5-bb86-9d1a78d6c2b0.txt,RU5389_BACS_adol.2025-05-23-1100.data.d6f3c3bd-7fcd-4cf5-bb86-9d1a78d6c2b0.txt,70064,7,cogn,,2025-05-23-10-42,2025-05-23-11-00,18
s.dbc0d4b2-4f21-46b8-9961-187b80bac9d3.txt,RU5389_WCST_adol.2025-10-13-1528.data.dbc0d4b2-4f21-46b8-9961-187b80bac9d3.txt,RU5389_LNS_mouse_adol.2025-10-13-1538.data.dbc0d4b2-4f21-46b8-9961-187b80bac9d3.txt,RU5389_BACS_adol.2025-10-13-1523.data.dbc0d4b2-4f21-46b8-9961-187b80bac9d3.txt,70106,7,cogn,,2025-10-13-15-19,2025-10-13-15-38,19
s.dc49bf8f-f47e-4dcc-b37d-ae395df80d5b.txt,RU5389_WCST_adol.2025-04-03-0805.data.dc49bf8f-f47e-4dcc-b37d-ae395df80d5b.txt,RU5389_LNS_mouse_adol.2025-04-03-0820.data.dc49bf8f-f47e-4dcc-b37d-ae395df80d5b.txt,RU5389_BACS_adol.2025-04-03-0809.data.dc49bf8f-f47e-4dcc-b37d-ae395df80d5b.txt,70037,7,cogn,,2025-04-03-08-00,2025-04-03-08-20,20
s.de118655-987c-43dd-a704-bbb1edff014e.txt,"","","",,,"",,2024-01-16-15-04,"",""
s.de5d619e-f76c-46d6-8588-748230f988c1.txt,"","","",999,0,"",,2024-02-28-14-22,"",""
s.e5c65d5f-8420-46f5-a820-bd6354842e82.txt,RU5389_WCST_adol.2025-05-30-1459.data.e5c65d5f-8420-46f5-a820-bd6354842e82.txt,RU5389_LNS_mouse_adol.2025-05-30-1511.data.e5c65d5f-8420-46f5-a820-bd6354842e82.txt,RU5389_BACS_adol.2025-05-30-1454.data.e5c65d5f-8420-46f5-a820-bd6354842e82.txt,70078,7,cogn,,2025-05-30-14-49,2025-05-30-15-11,22
s.e6e12de4-8e30-4a85-abc7-a1108ff844de.txt,RU5389_WCST_adol.2025-04-01-1630.data.e6e12de4-8e30-4a85-abc7-a1108ff844de.txt,RU5389_LNS_mouse_adol.2025-04-01-1636.data.e6e12de4-8e30-4a85-abc7-a1108ff844de.txt,RU5389_BACS_adol.2025-04-01-1626.data.e6e12de4-8e30-4a85-abc7-a1108ff844de.txt,70045,7,cogn,,2025-04-01-16-23,2025-04-01-16-36,13
s.e86de5c8-8076-48a2-9a96-686ba152614b.txt,RU5389_WCST_adol.2024-08-24-1309.data.e86de5c8-8076-48a2-9a96-686ba152614b.txt,RU5389_LNS_mouse_adol.2024-08-24-1310.data.e86de5c8-8076-48a2-9a96-686ba152614b.txt,RU5389_BACS_adol.2024-08-24-1306.data.e86de5c8-8076-48a2-9a96-686ba152614b.txt,99999,99,cogn,,2024-08-24-13-06,2024-08-24-13-10,4
s.e88c54ee-f397-4c52-8e72-bfebc58d4008.txt,"","","",,,"",,2024-01-16-15-39,"",""
s.eec2443d-6928-4f76-a208-61147c292e62.txt,RU5389_WCST_adol.2025-01-15-1823.data.eec2443d-6928-4f76-a208-61147c292e62.txt,RU5389_LNS_mouse_adol.2025-01-15-1818.data.eec2443d-6928-4f76-a208-61147c292e62.txt,RU5389_BACS_adol.2025-01-15-1828.data.eec2443d-6928-4f76-a208-61147c292e62.txt,70015,7,cogn,,2025-01-15-18-04,2025-01-15-18-28,24
s.efa5d7d2-967d-446d-bda4-207d597d3501.txt,RU5389_WCST_adol.2025-05-20-1609.data.efa5d7d2-967d-446d-bda4-207d597d3501.txt,RU5389_LNS_mouse_adol.2025-05-20-1622.data.efa5d7d2-967d-446d-bda4-207d597d3501.txt,RU5389_BACS_adol.2025-05-20-1626.data.efa5d7d2-967d-446d-bda4-207d597d3501.txt,70075,7,cogn,,2025-05-20-16-03,2025-05-20-16-26,23
s.f0c695f9-6a77-4409-9d24-a0518ed48493.txt,RU5389_WCST_adol.2025-09-22-1622.data.f0c695f9-6a77-4409-9d24-a0518ed48493.txt,RU5389_LNS_mouse_adol.2025-09-22-1634.data.f0c695f9-6a77-4409-9d24-a0518ed48493.txt,RU5389_BACS_adol.2025-09-22-1618.data.f0c695f9-6a77-4409-9d24-a0518ed48493.txt,70108,7,cogn,,2025-09-22-16-14,2025-09-22-16-34,20
s.f1467ee0-af3f-45ff-ae74-28fa61c62980.txt,RU5389_WCST_adol.2025-05-23-1548.data.f1467ee0-af3f-45ff-ae74-28fa61c62980.txt,RU5389_LNS_mouse_adol.2025-05-23-1601.data.f1467ee0-af3f-45ff-ae74-28fa61c62980.txt,RU5389_BACS_adol.2025-05-23-1604.data.f1467ee0-af3f-45ff-ae74-28fa61c62980.txt,70065,7,cogn,,2025-05-23-15-42,2025-05-23-16-04,22
s.f4458b67-3aac-4a2a-a8cb-48a3de9d9821.txt,RU5389_WCST_adol.2025-02-03-0841.data.f4458b67-3aac-4a2a-a8cb-48a3de9d9821.txt,RU5389_LNS_mouse_adol.2025-02-03-0835.data.f4458b67-3aac-4a2a-a8cb-48a3de9d9821.txt,RU5389_BACS_adol.2025-02-03-0838.data.f4458b67-3aac-4a2a-a8cb-48a3de9d9821.txt,99999,99,cogn,,2025-02-03-08-29,2025-02-03-08-41,12
s.f551ce54-5e28-4935-b11e-a073104a00cb.txt,RU5389_WCST_adol.2025-03-21-1258.data.f551ce54-5e28-4935-b11e-a073104a00cb.txt,RU5389_LNS_mouse_adol.2025-03-21-1308.data.f551ce54-5e28-4935-b11e-a073104a00cb.txt,RU5389_BACS_adol.2025-03-21-1312.data.f551ce54-5e28-4935-b11e-a073104a00cb.txt,70042,7,cogn,,2025-03-21-12-53,2025-03-21-13-12,19
s.fa99ce94-79d6-492e-89e7-9d12ed1cd4ae.txt,"","","",,,"",,2024-02-13-11-25,"",""
s.fadd7fe3-be6d-4551-8dbd-cf3d3fdaefba.txt,"","","",,,"",,2024-01-16-14-48,"",""
s.fd455f96-c1e1-41f9-a8cb-18f286df0e8f.txt,RU5389_WCST_adol.2024-01-16-1327.data.fd455f96-c1e1-41f9-a8cb-18f286df0e8f.txt,"",RU5389_BACS_adol.2024-01-16-1323.data.fd455f96-c1e1-41f9-a8cb-18f286df0e8f.txt,,,"",,2024-01-16-13-13,2024-01-16-13-27,14
s.fdd17d19-a9dd-4052-96a6-ec40969f6e26.txt,RU5389_WCST_adol.2025-06-07-1409.data.fdd17d19-a9dd-4052-96a6-ec40969f6e26.txt,RU5389_LNS_mouse_adol.2025-06-07-1418.data.fdd17d19-a9dd-4052-96a6-ec40969f6e26.txt,RU5389_BACS_adol.2025-06-07-1421.data.fdd17d19-a9dd-4052-96a6-ec40969f6e26.txt,70056,7,cogn,,2025-06-07-14-05,2025-06-07-14-21,16
s.fe4a4895-5778-4640-98d5-d0fb7c37eaa3.txt,RU5389_WCST_adol.2025-09-08-1642.data.fe4a4895-5778-4640-98d5-d0fb7c37eaa3.txt,RU5389_LNS_mouse_adol.2025-09-08-1653.data.fe4a4895-5778-4640-98d5-d0fb7c37eaa3.txt,RU5389_BACS_adol.2025-09-08-1645.data.fe4a4895-5778-4640-98d5-d0fb7c37eaa3.txt,70107,7,cogn,,2025-09-08-16-36,2025-09-08-16-53,17
