"limesurvey_id";"submitdate";"lastpage";"startlanguage";"seed";"startdate";"datestamp";"refurl";"vp_id";"project";"remid";"remidcheck";"warning";"consent";"comp";"end";"Instr";"IDAS[001]";"IDAS[002]";"IDAS[003]";"IDAS[004]";"IDAS[005]";"IDAS[006]";"IDAS[007]";"IDAS[008]";"IDAS[009]";"IDAS[010]";"IDAS[011]";"IDAS[012]";"IDAS[013]";"IDAS[014]";"IDAS[015]";"IDAS[016]";"IDAS[017]";"IDAS[018]";"IDAS[019]";"IDAS[020]";"IDAS[021]";"IDAS[022]";"IDAS[023]";"IDAS[024]";"IDAS[025]";"IDAS[026]";"IDAS[027]";"IDAS[028]";"IDAS[029]";"IDAS[030]";"IDAS[031]";"IDAS[032]";"IDAS[033]";"IDAS[034]";"IDAS[035]";"IDAS[036]";"IDAS[037]";"IDAS[038]";"IDAS[039]";"IDAS[040]";"IDAS[041]";"IDAS[042]";"IDAS[043]";"IDAS[044]";"IDAS[045]";"IDAS[046]";"IDAS[047]";"IDAS[048]";"IDAS[049]";"IDAS[050]";"IDAS[051]";"IDAS[052]";"IDAS[053]";"IDAS[054]";"IDAS[055]";"IDAS[056]";"IDAS[057]";"IDAS[058]";"IDAS[059]";"IDAS[060]";"IDAS[061]";"IDAS[062]";"IDAS[063]";"IDAS[064]";"IDAS[065]";"IDAS[066]";"IDAS[067]";"IDAS[068]";"IDAS[069]";"IDAS[070]";"IDAS[071]";"IDAS[072]";"IDAS[073]";"IDAS[074]";"IDAS[075]";"IDAS[076]";"IDAS[077]";"IDAS[078]";"IDAS[079]";"IDAS[080]";"IDAS[081]";"IDAS[082]";"IDAS[083]";"IDAS[084]";"IDAS[085]";"IDAS[086]";"IDAS[087]";"IDAS[088]";"IDAS[089]";"IDAS[090]";"IDAS[091]";"IDAS[092]";"IDAS[093]";"IDAS[094]";"IDAS[095]";"IDAS[096]";"IDAS[097]";"IDAS[098]";"CAPEfreq[002]";"CAPEfreq[005]";"CAPEfreq[006]";"CAPEfreq[007]";"CAPEfreq[010]";"CAPEfreq[011]";"CAPEfreq[013]";"CAPEfreq[015]";"CAPEfreq[017]";"CAPEfreq[020]";"CAPEfreq[022]";"CAPEfreq[024]";"CAPEfreq[026]";"CAPEfreq[028]";"CAPEfreq[030]";"CAPEfreq[031]";"CAPEfreq[033]";"CAPEfreq[034]";"CAPEfreq[041]";"CAPEfreq[042]";"CAPEdistr[002]";"CAPEdistr[005]";"CAPEdistr[006]";"CAPEdistr[007]";"CAPEdistr[010]";"CAPEdistr[011]";"CAPEdistr[013]";"CAPEdistr[015]";"CAPEdistr[017]";"CAPEdistr[020]";"CAPEdistr[022]";"CAPEdistr[024]";"CAPEdistr[026]";"CAPEdistr[028]";"CAPEdistr[030]";"CAPEdistr[031]";"CAPEdistr[033]";"CAPEdistr[034]";"CAPEdistr[041]";"CAPEdistr[042]";"AQ[005]";"AQ[020]";"AQ[027]";"AQ[028]";"AQ[031]";"AQ[032]";"AQ[036]";"AQ[037]";"AQ[041]";"AQ[045]";"Alk1";"Alk2";"Alk3";"Tab1";"Tab2";"Tab3";"Cann1";"Cann2";"Cann3";"Stim1";"Stim2";"Stim3";"Opi1";"Opi2";"Opi3";"Hal1";"Hal2";"Hal3";"Inh1";"Inh2";"Inh3";"Med1";"Med2";"Med3";"And1";"And2";"And3";"ASRS[001]";"ASRS[002]";"ASRS[003]";"ASRS[004]";"ASRS[005]";"ASRS[006]";"BISBAS[001]";"BISBAS[002]";"BISBAS[003]";"BISBAS[004]";"BISBAS[005]";"BISBAS[006]";"BISBAS[007]";"BISBAS[008]";"BISBAS[009]";"BISBAS[010]";"BISBAS[011]";"BISBAS[012]";"BISBAS[013]";"BISBAS[014]";"BISBAS[015]";"BISBAS[016]";"BISBAS[017]";"BISBAS[018]";"BISBAS[019]";"BISBAS[020]";"BISBAS[021]";"BISBAS[022]";"BISBAS[023]";"BISBAS[024]";"IUS[001]";"IUS[002]";"IUS[003]";"IUS[004]";"IUS[005]";"IUS[006]";"IUS[007]";"IUS[008]";"IUS[009]";"IUS[010]";"IUS[011]";"IUS[012]";"IUS[013]";"IUS[014]";"IUS[015]";"IUS[016]";"IUS[017]";"IUS[018]";"IUS[019]";"IUS[020]";"IUS[021]";"IUS[022]";"IUS[023]";"IUS[024]";"IUS[025]";"IUS[026]";"IUS[027]";"APS[001]";"APS[002]";"APS[003]";"APS[004]";"APS[005]";"APS[006]";"APS[007]";"APS[008]";"APS[009]";"APS[010]";"APS[011]";"APS[012]";"TICS[025]";"TICS[029]";"TICS[037]";"TICS[040]";"TICS[045]";"TICS[046]";"TICS[054]";"TICS[055]";"TICS[057]";"CTQ[001]";"CTQ[002]";"CTQ[003]";"CTQ[004]";"CTQ[005]";"CTQ[006]";"CTQ[007]";"CTQ[008]";"CTQ[009]";"CTQ[010]";"CTQ[011]";"CTQ[012]";"CTQ[013]";"CTQ[014]";"CTQ[015]";"CTQ[016]";"CTQ[017]";"CTQ[018]";"CTQ[019]";"CTQ[020]";"CTQ[021]";"CTQ[022]";"CTQ[023]";"CTQ[024]";"CTQ[025]";"CTQ[026]";"CTQ[027]";"CTQ[028]";"MAPInfoA11";"MAP1";"MAP2";"MAP3";"MAPInfoA12";"MAP4";"MAP5";"MAP6";"MAPA2[007]";"MAPA2[008]";"MAPA2[009]";"MAPA3motivation[010]";"MAPA3motivation[012]";"MAPA3motivation[014]";"MAPA3effort[011]";"MAPA3effort[013]";"MAPA3effort[015]";"OBQ[01]";"OBQ[02]";"OBQ[03]";"OBQ[04]";"OBQ[05]";"OBQ[06]";"OBQ[07]";"OBQ[08]";"OBQ[09]";"OBQ[10]";"OBQ[11]";"OBQ[12]";"OBQ[13]";"OBQ[14]";"OBQ[15]";"OBQ[16]";"OBQ[17]";"OBQ[18]";"OBQ[19]";"OBQ[20]";"OBQ[21]";"OBQ[22]";"OBQ[23]";"OBQ[24]";"PIPR[01]";"PIPR[02]";"PIPR[03]";"PIPR[04]";"PIPR[05]";"PIPR[06]";"PIPR[07]";"PIPR[08]";"PIPR[09]";"PIPR[10]";"PIPR[11]";"PIPR[12]";"PIPR[13]";"PIPR[14]";"PIPR[15]";"PIPR[16]";"PIPR[17]";"PIPR[18]";"PIPR[19]";"PIPR[20]";"PIPR[21]";"PIPR[22]";"PIPR[23]";"PIPR[24]";"FMPSD[01]";"FMPSD[02]";"FMPSD[03]";"FMPSD[04]";"FMPSD[05]";"FMPSD[06]";"FMPSD[07]";"FMPSD[08]";"FMPSD[09]";"FMPSD[10]";"FMPSD[11]";"FMPSD[12]";"FMPSD[13]";"FMPSD[14]";"FMPSD[15]";"FMPSD[16]";"FMPSD[17]";"FMPSD[18]";"FMPSD[19]";"FMPSD[20]";"FMPSD[21]";"FMPSD[22]";"FMPSD[23]";"FMPSD[24]";"FMPSD[25]";"FMPSD[26]";"FMPSD[27]";"FMPSD[28]";"FMPSD[29]";"FMPSD[30]";"FMPSD[31]";"FMPSD[32]";"FMPSD[33]";"FMPSD[34]";"FMPSD[35]";"K1";"K101";"K102";"K103";"K104";"K105";"K2";"K201";"K202";"K203";"K204";"K205";"K3";"K301";"K302";"K303";"K304";"K305";"K4";"K401";"K402";"K403";"K404";"K405";"K5";"K501";"K502";"K503";"K504";"K505";"OCIR[01]";"OCIR[02]";"OCIR[03]";"OCIR[04]";"OCIR[05]";"OCIR[06]";"OCIR[07]";"OCIR[08]";"OCIR[09]";"OCIR[10]";"OCIR[11]";"OCIR[12]";"OCIR[13]";"OCIR[14]";"OCIR[15]";"OCIR[16]";"OCIR[17]";"OCIR[18]";"MCQ[01]";"MCQ[02]";"MCQ[03]";"MCQ[04]";"MCQ[05]";"MCQ[06]";"MCQ[07]";"MCQ[08]";"MCQ[09]";"MCQ[10]";"MCQ[11]";"MCQ[12]";"MCQ[13]";"MCQ[14]";"MCQ[15]";"MCQ[16]";"MCQ[17]";"MCQ[18]";"MCQ[19]";"MCQ[20]";"MCQ[21]";"MCQ[22]";"MCQ[23]";"MCQ[24]";"MCQ[25]";"MCQ[26]";"MCQ[27]";"MCQ[28]";"MCQ[29]";"MCQ[30]";"MCQ[31]";"MCQ[32]";"MCQ[33]";"MCQ[34]";"MCQ[35]";"MCQ[36]";"MCQ[37]";"MCQ[38]";"MCQ[39]";"MCQ[40]";"MCQ[41]";"MCQ[42]";"MCQ[43]";"MCQ[44]";"MCQ[45]";"MCQ[46]";"MCQ[47]";"MCQ[48]";"MCQ[49]";"MCQ[50]";"MCQ[51]";"MCQ[52]";"MCQ[53]";"MCQ[54]";"MCQ[55]";"MCQ[56]";"MCQ[57]";"MCQ[58]";"MCQ[59]";"MCQ[60]";"MCQ[61]";"MCQ[62]";"MCQ[63]";"MCQ[64]";"MCQ[65]";"eyesight";"hearing";"height";"weight";"psychomedication";"psychodrug";"othermedication";"otherdrug";"relativesInfo";"parents[001]";"parents[002]";"parentsgender[001]";"parentsgender[002]";"parentscontact[001]";"parentscontact[002]";"siblings";"siblingsnames[001]";"siblingsnames[002]";"siblingsnames[003]";"siblingsnames[004]";"siblingsnames[005]";"siblingsnames[006]";"siblingsnames[007]";"siblingsnames[008]";"siblingsnames[009]";"siblingsgender[001]";"siblingsgender[002]";"siblingsgender[003]";"siblingsgender[004]";"siblingsgender[005]";"siblingsgender[006]";"siblingsgender[007]";"siblingsgender[008]";"siblingsgender[009]";"siblingscontact[001]";"siblingscontact[002]";"siblingscontact[003]";"siblingscontact[004]";"siblingscontact[005]";"siblingscontact[006]";"siblingscontact[007]";"siblingscontact[008]";"siblingscontact[009]";"children";"childrennames[001]";"childrennames[002]";"childrennames[003]";"childrennames[004]";"childrennames[005]";"childrennames[006]";"childrennames[007]";"childrennames[008]";"childrennames[009]";"childrengender[001]";"childrengender[002]";"childrengender[003]";"childrengender[004]";"childrengender[005]";"childrengender[006]";"childrengender[007]";"childrengender[008]";"childrengender[009]";"childrencontact[001]";"childrencontact[002]";"childrencontact[003]";"childrencontact[004]";"childrencontact[005]";"childrencontact[006]";"childrencontact[007]";"childrencontact[008]";"childrencontact[009]";"FHSinstruction";"depression1[self]";"depression1[parent1]";"depression1[parent2]";"depression1[sibling1]";"depression1[sibling2]";"depression1[sibling3]";"depression1[sibling4]";"depression1[sibling5]";"depression1[sibling6]";"depression1[sibling7]";"depression1[sibling8]";"depression1[sibling9]";"depression1[child1]";"depression1[child2]";"depression1[child3]";"depression1[child4]";"depression1[child5]";"depression1[child6]";"depression1[child7]";"depression1[child8]";"depression1[child9]";"depression1[0]";"depressionconfidence[self]";"depressionconfidence[parent1]";"depressionconfidence[parent2]";"depressionconfidence[sibling1]";"depressionconfidence[sibling2]";"depressionconfidence[sibling3]";"depressionconfidence[sibling4]";"depressionconfidence[sibling5]";"depressionconfidence[sibling6]";"depressionconfidence[sibling7]";"depressionconfidence[sibling8]";"depressionconfidence[child1]";"depressionconfidence[child2]";"mania1[self]";"mania1[parent1]";"mania1[parent2]";"mania1[sibling1]";"mania1[sibling2]";"mania1[sibling3]";"mania1[sibling4]";"mania1[sibling5]";"mania1[sibling6]";"mania1[sibling7]";"mania1[sibling8]";"mania1[sibling9]";"mania1[child1]";"mania1[child2]";"mania1[child3]";"mania1[child4]";"mania1[child5]";"mania1[child6]";"mania1[child7]";"mania1[child8]";"mania1[child9]";"mania1[0]";"maniaconfidence[self]";"maniaconfidence[parent1]";"maniaconfidence[parent2]";"maniaconfidence[sibling1]";"maniaconfidence[sibling2]";"maniaconfidence[sibling3]";"maniaconfidence[child1]";"panic1[self]";"panic1[parent1]";"panic1[parent2]";"panic1[sibling1]";"panic1[sibling2]";"panic1[sibling3]";"panic1[sibling4]";"panic1[sibling5]";"panic1[sibling6]";"panic1[sibling7]";"panic1[sibling8]";"panic1[sibling9]";"panic1[child1]";"panic1[child2]";"panic1[child3]";"panic1[child4]";"panic1[child5]";"panic1[child6]";"panic1[child7]";"panic1[child8]";"panic1[child9]";"panic1[0]";"panicconfidence[self]";"panicconfidence[parent1]";"panicconfidence[parent2]";"panicconfidence[sibling1]";"panicconfidence[sibling2]";"panicconfidence[sibling3]";"panicconfidence[sibling5]";"panicconfidence[sibling6]";"panicconfidence[child2]";"agora1[self]";"agora1[parent1]";"agora1[parent2]";"agora1[sibling1]";"agora1[sibling2]";"agora1[sibling3]";"agora1[sibling4]";"agora1[sibling5]";"agora1[sibling6]";"agora1[sibling7]";"agora1[sibling8]";"agora1[sibling9]";"agora1[child1]";"agora1[child2]";"agora1[child3]";"agora1[child4]";"agora1[child5]";"agora1[child6]";"agora1[child7]";"agora1[child8]";"agora1[child9]";"agora1[0]";"agoraconfidence[self]";"agoraconfidence[parent1]";"agoraconfidence[parent2]";"agoraconfidence[sibling1]";"agoraconfidence[sibling2]";"agoraconfidence[sibling3]";"phobia1[self]";"phobia1[parent1]";"phobia1[parent2]";"phobia1[sibling1]";"phobia1[sibling2]";"phobia1[sibling3]";"phobia1[sibling4]";"phobia1[sibling5]";"phobia1[sibling6]";"phobia1[sibling7]";"phobia1[sibling8]";"phobia1[sibling9]";"phobia1[child1]";"phobia1[child2]";"phobia1[child3]";"phobia1[child4]";"phobia1[child5]";"phobia1[child6]";"phobia1[child7]";"phobia1[child8]";"phobia1[child9]";"phobia1[0]";"phobiaconfidence[self]";"phobiaconfidence[parent1]";"phobiaconfidence[parent2]";"phobiaconfidence[sibling1]";"phobiaconfidence[sibling2]";"phobiaconfidence[sibling3]";"phobiaconfidence[sibling4]";"phobiaconfidence[child1]";"phobiaconfidence[child2]";"socialanx1[self]";"socialanx1[parent1]";"socialanx1[parent2]";"socialanx1[sibling1]";"socialanx1[sibling2]";"socialanx1[sibling3]";"socialanx1[sibling4]";"socialanx1[sibling5]";"socialanx1[sibling6]";"socialanx1[sibling7]";"socialanx1[sibling8]";"socialanx1[sibling9]";"socialanx1[child1]";"socialanx1[child2]";"socialanx1[child3]";"socialanx1[child4]";"socialanx1[child5]";"socialanx1[child6]";"socialanx1[child7]";"socialanx1[child8]";"socialanx1[child9]";"socialanx1[0]";"socialanxconfidence[self]";"socialanxconfidence[parent1]";"socialanxconfidence[parent2]";"socialanxconfidence[sibling1]";"socialanxconfidence[sibling2]";"socialanxconfidence[sibling3]";"socialanxconfidence[sibling4]";"socialanxconfidence[sibling7]";"socialanxconfidence[sibling8]";"socialanxconfidence[child1]";"socialanxconfidence[child2]";"sepanx1[self]";"sepanx1[parent1]";"sepanx1[parent2]";"sepanx1[sibling1]";"sepanx1[sibling2]";"sepanx1[sibling3]";"sepanx1[sibling4]";"sepanx1[sibling5]";"sepanx1[sibling6]";"sepanx1[sibling7]";"sepanx1[sibling8]";"sepanx1[sibling9]";"sepanx1[child1]";"sepanx1[child2]";"sepanx1[child3]";"sepanx1[child4]";"sepanx1[child5]";"sepanx1[child6]";"sepanx1[child7]";"sepanx1[child8]";"sepanx1[child9]";"sepanx1[0]";"sepanxconfidence[self]";"sepanxconfidence[parent1]";"sepanxconfidence[parent2]";"sepanxconfidence[sibling1]";"sepanxconfidence[sibling2]";"sepanxconfidence[sibling3]";"sepanxconfidence[sibling9]";"sepanxconfidence[child1]";"sepanxconfidence[child2]";"sepanxconfidence[child3]";"gas1[self]";"gas1[parent1]";"gas1[parent2]";"gas1[sibling1]";"gas1[sibling2]";"gas1[sibling3]";"gas1[sibling4]";"gas1[sibling5]";"gas1[sibling6]";"gas1[sibling7]";"gas1[sibling8]";"gas1[sibling9]";"gas1[child1]";"gas1[child2]";"gas1[child3]";"gas1[child4]";"gas1[child5]";"gas1[child6]";"gas1[child7]";"gas1[child8]";"gas1[child9]";"gas1[0]";"gasconfidence[self]";"gasconfidence[parent1]";"gasconfidence[parent2]";"gasconfidence[sibling1]";"gasconfidence[sibling2]";"gasconfidence[sibling7]";"gasconfidence[child1]";"gasconfidence[child2]";"sud1[self]";"sud1[parent1]";"sud1[parent2]";"sud1[sibling1]";"sud1[sibling2]";"sud1[sibling3]";"sud1[sibling4]";"sud1[sibling5]";"sud1[sibling6]";"sud1[sibling7]";"sud1[sibling8]";"sud1[sibling9]";"sud1[child1]";"sud1[child2]";"sud1[child3]";"sud1[child4]";"sud1[child5]";"sud1[child6]";"sud1[child7]";"sud1[child8]";"sud1[child9]";"sud1[0]";"sudconfidence[self]";"sudconfidence[parent1]";"sudconfidence[parent2]";"sudconfidence[sibling1]";"sudconfidence[sibling2]";"sudconfidence[sibling3]";"sudconfidence[sibling4]";"sudconfidence[sibling7]";"sudconfidence[sibling8]";"sudconfidence[child1]";"ocd1[self]";"ocd1[parent1]";"ocd1[parent2]";"ocd1[sibling1]";"ocd1[sibling2]";"ocd1[sibling3]";"ocd1[sibling4]";"ocd1[sibling5]";"ocd1[sibling6]";"ocd1[sibling7]";"ocd1[sibling8]";"ocd1[sibling9]";"ocd1[child1]";"ocd1[child2]";"ocd1[child3]";"ocd1[child4]";"ocd1[child5]";"ocd1[child6]";"ocd1[child7]";"ocd1[child8]";"ocd1[child9]";"ocd1[0]";"ocdconfidence[self]";"ocdconfidence[parent1]";"ocdconfidence[parent2]";"ocdconfidence[sibling1]";"ocdconfidence[sibling2]";"ocdconfidence[sibling3]";"ocdconfidence[sibling9]";"psy1[self]";"psy1[parent1]";"psy1[parent2]";"psy1[sibling1]";"psy1[sibling2]";"psy1[sibling3]";"psy1[sibling4]";"psy1[sibling5]";"psy1[sibling6]";"psy1[sibling7]";"psy1[sibling8]";"psy1[sibling9]";"psy1[child1]";"psy1[child2]";"psy1[child3]";"psy1[child4]";"psy1[child5]";"psy1[child6]";"psy1[child7]";"psy1[child8]";"psy1[child9]";"psy1[0]";"psyconfidence[self]";"psyconfidence[parent1]";"psyconfidence[parent2]";"psyconfidence[sibling1]";"psyconfidence[sibling2]";"ed1[self]";"ed1[parent1]";"ed1[parent2]";"ed1[sibling1]";"ed1[sibling2]";"ed1[sibling3]";"ed1[sibling4]";"ed1[sibling5]";"ed1[sibling6]";"ed1[sibling7]";"ed1[sibling8]";"ed1[sibling9]";"ed1[child1]";"ed1[child2]";"ed1[child3]";"ed1[child4]";"ed1[child5]";"ed1[child6]";"ed1[child7]";"ed1[child8]";"ed1[child9]";"ed1[0]";"edconfidence[self]";"edconfidence[parent1]";"edconfidence[parent2]";"edconfidence[sibling1]";"edconfidence[sibling2]";"edconfidence[sibling3]";"edconfidence[sibling5]";"edconfidence[sibling6]";"edconfidence[child1]";"FHSOpenText";"ownpsychdisorder";"ownpsychdiagn[MDE]";"ownpsychdiagn[Bipolar]";"ownpsychdiagn[OCD]";"ownpsychdiagn[Anx]";"ownpsychdiagn[Psy]";"ownpsychdiagn[SUD]";"ownpsychdiagn[ED]";"ownpsychdiagn[idk]";"ownpsychdiagn[other]";"ownpsychprevalent[MDE][1]";"ownpsychprevalent[MDE][2]";"ownpsychprevalent[Bipolar][1]";"ownpsychprevalent[Bipolar][2]";"ownpsychprevalent[OCD][1]";"ownpsychprevalent[OCD][2]";"ownpsychprevalent[Anx][1]";"ownpsychprevalent[Anx][2]";"ownpsychprevalent[Psy][1]";"ownpsychprevalent[Psy][2]";"ownpsychprevalent[SUD][1]";"ownpsychprevalent[SUD][2]";"ownpsychprevalent[ED][1]";"ownpsychprevalent[ED][2]";"ownpsychprevalent[idk][1]";"ownpsychprevalent[idk][2]";"ownpsychprevalent[other][1]";"ownpsychprevalent[other][2]";"age";"gender";"gender[other]";"education";"education[other]";"job[0]";"job[1]";"job[2]";"job[3]";"job[4]";"job[5]";"job[6]";"job[7]";"job[8]";"job[9]";"job[10]";"job[11]";"job[other]";"maritalstat";"HelpInfo";"endscreen";"interviewtime";"groupTime19376";"vpidTime";"projectTime";"remidTime";"remidcheckTime";"warningTime";"consentTime";"compTime";"endTime";"groupTime19437";"InstrTime";"groupTime19366";"IDASTime";"groupTime19365";"CAPEfreqTime";"CAPEdistrTime";"groupTime19369";"AQTime";"groupTime19372";"Alk1Time";"Alk2Time";"Alk3Time";"Tab1Time";"Tab2Time";"Tab3Time";"Cann1Time";"Cann2Time";"Cann3Time";"Stim1Time";"Stim2Time";"Stim3Time";"Opi1Time";"Opi2Time";"Opi3Time";"Hal1Time";"Hal2Time";"Hal3Time";"Inh1Time";"Inh2Time";"Inh3Time";"Med1Time";"Med2Time";"Med3Time";"And1Time";"And2Time";"And3Time";"groupTime19363";"ASRSTime";"groupTime19370";"BISBASTime";"groupTime19371";"IUSTime";"groupTime19367";"APSTime";"groupTime19368";"TICSTime";"groupTime19364";"CTQTime";"groupTime19378";"MAPInfoA11Time";"MAP1Time";"MAP2Time";"MAP3Time";"MAPInfoA12Time";"MAP4Time";"MAP5Time";"MAP6Time";"MAPA2Time";"MAPA3motivationTime";"MAPA3effortTime";"groupTime29245";"OBQTime";"groupTime29246";"PIPRTime";"groupTime29247";"FMPSDTime";"groupTime29248";"K1Time";"K101Time";"K102Time";"K103Time";"K104Time";"K105Time";"K2Time";"K201Time";"K202Time";"K203Time";"K204Time";"K205Time";"K3Time";"K301Time";"K302Time";"K303Time";"K304Time";"K305Time";"K4Time";"K401Time";"K402Time";"K403Time";"K404Time";"K405Time";"K5Time";"K501Time";"K502Time";"K503Time";"K504Time";"K505Time";"groupTime29249";"OCIRTime";"groupTime29250";"MCQTime";"groupTime19374";"eyesightTime";"hearingTime";"heightTime";"weightTime";"psychomedicationTime";"psychodrugTime";"othermedicationTime";"otherdrugTime";"groupTime19379";"relativesInfoTime";"parentsTime";"parentsgenderTime";"parentscontactTime";"siblingsTime";"siblingsnamesTime";"siblingsgenderTime";"siblingscontactTime";"childrenTime";"childrennamesTime";"childrengenderTime";"childrencontactTime";"groupTime19382";"FHSinstructionTime";"depression1Time";"depressionconfidenceTime";"mania1Time";"maniaconfidenceTime";"panic1Time";"panicconfidenceTime";"agora1Time";"agoraconfidenceTime";"phobia1Time";"phobiaconfidenceTime";"socialanx1Time";"socialanxconfidenceTime";"sepanx1Time";"sepanxconfidenceTime";"gas1Time";"gasconfidenceTime";"sud1Time";"sudconfidenceTime";"ocd1Time";"ocdconfidenceTime";"psy1Time";"psyconfidenceTime";"ed1Time";"edconfidenceTime";"FHSOpenTextTime";"groupTime19375";"ownpsychdisorderTime";"ownpsychdiagnTime";"ownpsychprevalentTime";"groupTime19373";"ageTime";"genderTime";"educationTime";"jobTime";"maritalstatTime";"groupTime19377";"HelpInfoTime";"groupTime28082";"endscreenTime";"idas_invariant_response_flag";".pid";"rushing_method";"rushing_flag";"rushing_center_min";"rushing_cutoff_min";".__reason__"
"671";"2025/11/05 12:53:46";"26";"de";"1762084732";"2025/11/05 12:31:44";"2025/11/05 12:53:46";"https://www.psytoolkit.org/";"40036";"4";;;;;"both";;;"1";"1";"1";"1";"1";"1";"1";"1";"1";"1";"1";"1";"1";"1";"1";"1";"1";"1";"1";"1";"1";"1";"1";"1";"1";"1";"1";"1";"1";"1";"1";"1";"1";"1";"1";"1";"1";"1";"1";"1";"1";"1";"1";"1";"1";"1";"1";"1";"1";"1";"1";"1";"1";"1";"1";"1";"1";"1";"1";"1";"1";"1";"1";"1";"1";"1";"1";"1";"1";"1";"1";"1";"1";"1";"1";"1";"1";"1";"1";"1";"1";"1";"1";"1";"1";"1";"1";"1";"1";"1";"1";"1";"1";"1";"1";"1";"1";"1";"0";"0";"1";"0";"0";"1";"1";"0";"0";"3";"1";"0";"0";"0";"0";"0";"0";"0";"0";"0";;;"1";;;"1";"1";;;"3";"1";;;;;;;;;;"2";"0";"2";"1";"2";"1";"2";"2";"1";"0";"1";"3";"3";"0";;;"0";;;"0";;;"0";;;"0";;;"0";;;"0";;;"0";;;"0";"0";"0";"0";"1";"0";"4";"2";"4";"4";"4";"4";"4";"3";"3";"3";"1";"4";"2";"3";"3";"4";"4";"2";"4";"3";"4";"3";"3";"3";"1";"2";"4";"1";"3";"2";"1";"3";"4";"5";"5";"4";"1";"5";"1";"1";"4";"3";"1";"3";"2";"5";"1";"4";"1";"4";"4";"4";"2";"3";"3";"1";"3";"2";"3";"3";"2";"2";"1";"0";"0";"0";"0";"0";"0";"0";"0";"0";"1";"5";"1";"1";"1";"1";"5";"1";"1";"3";"1";"1";"1";"1";"1";"4";"1";"1";"4";"1";"1";"5";"1";"1";"1";"5";"1";"4";;"3";"2";"3";;"2";"3";"3";"4";"0";"3";"3";"3";"3";"3";"3";"3";;;;;;;;;;;;;;;;;;;;;;;;;;;;;;;;;;;;;;;;;;;;;;;;;;;;;;;;;;;;;;;;;;;;;;;;;;;;;;;;;;;;;;;;;;;;;;;;;;;;;;;;;;;;;;;;;;;;;;;;;;;;;;;;;;;;;;;;;;;;;;;;;;;;;;;;;;;;;;;;;;;;;;;;;;;;;;;;;;;;;;;;;;;;;;;;;;;;;"0";"0";"183";"80";"0";;"0";;;"TK";"BK";"1";"2";"1";"1";"2";"AK";"IK";;;;;;;;"2";"2";;;;;;;;"1";"1";;;;;;;;"0";;;;;;;;;;;;;;;;;;;;;;;;;;;;;;;;;;;;;;;;;;;;;;;;;;"Y";;;;;;;;;;;;;;;;;;;;;;;;;;;;;;;;;;;"Y";;;;;;;;;;;;;;;;;;;;;;;;;;;;;"Y";;;;;;;;;;;;;;;;;;;;;;;;;;;;;;;"Y";;;;;;;;;;;;;;;;;;;;;;;;;;;;"Y";;;;;;;;;;;;;;;;;;;;;;;;;;;;;;;"Y";;;;;;;;;;;;;;;;;;;;;;;;;;;;;;;;;"Y";;;;;;;;;;;;;;;;;;;;;;;;;;;;;;;;"Y";;;;;;;;;;;;;;;;;;;;;;;;;;;;;;"Y";;;;;;;;;;;;;;;;;;;;;;;;;;;;;;;;"Y";;;;;;;;;;;;;;;;;;;;;;;;;;;;;"Y";;;;;;;;;;;;;;;;;;;;;;;;;;;"Y";;;;;;;;;;;"0";;;;;;;;;;;;;;;;;;;;;;;;;;;;"1991/05/31 22:00:00";"2";;"8";;;;;"Y";;;;;;;;;;"0";;;"1315,62";;;;;;;;;;"3,68";;"129,39";;"98,94";;;"95,66";;"94,14";;;;;;;;;;;;;;;;;;;;;;;;;;;;"39,97";;"142,99";;"155,60";;"71,13";;"52,92";;"86,15";;"130,53";;;;;;;;;;;;;;;;;;;;;;;;;;;;;;;;;;;;;;;;;;;;;;;;;;;;;"30,42";;;;;;;;;"70,58";;;;;;;;;;;;;"70,02";;;;;;;;;;;;;;;;;;;;;;;;;;;"3,77";;;;"29,47";;;;;;"10,26";;;;TRUE;"4";"log_2sd_combined_adults_adolescents";FALSE;"47,6183498390268";"8,19960116374609";"same_response_on_all_raw_IDAS_items"
"1163";"2026/06/05 08:28:19";"26";"de";"1679514690";"2026/06/05 08:28:06";"2026/06/05 08:28:19";"https://www.psytoolkit.org/";"62201";"6";;;;;"cogn";;;;;;;;;;;;;;;;;;;;;;;;;;;;;;;;;;;;;;;;;;;;;;;;;;;;;;;;;;;;;;;;;;;;;;;;;;;;;;;;;;;;;;;;;;;;;;;;;;;;;;;;;;;;;;;;;;;;;;;;;;;;;;;;;;;;;;;;;;;;;;;;;;;;;;;;;;;;;;;;;;;;;;;;;;;;;;;;;;;;;;;;;;;;;;;;;;;;;;;;;;;;;;;;;;;;;;;;;;;;;;;;;;;;;;;;;;;;;;;;;;;;;;;;;;;;;;;;;;;;;;;;;;;;;;;;;;;;;;;;;;;;;;;;;;;;;;;;;;;;;;;;;;;;;;;;;;;;;;;;;;;;;;;;;;;;;;;;;;;;;;;;;;;;;;;;;;;;;;;;;;;;;;;;;;;;;;;;;;;;;;;;;;;;;;;;;;;;;;;;;;;;;;;;;;;;;;;;;;;;;;;;;;;;;;;;;;;;;;;;;;;;;;;;;;;;;;;;;;;;;;;;;;;;;;;;;;;;;;;;;;;;;;;;;;;;;;;;;;;;;;;;;;;;;;;;;;;;;;;;;;;;;;;;;;;;;;;;;;;;;;;;;;;;;;;;;;;;;;;;;;;;;;;;;;;;;;;;;;;;;;;;;;;;;;;;;;;;;;;;;;;;;;;;;;;;;;;;;;;;;;;;;;;;;;;;;;;;;;;;;;;;;;;;;;;;;;;;;;;;;;;;;;;;;;;;;;;;;;;;;;;;;;;;;;;;;;;;;;;;;;;;;;;;;;;;;;;;;;;;;;;;;;;;;;;;;;;;;;;;;;;;;;;;;;;;;;;;;;;;;;;;;;;;;;;;;;;;;;;;;;;;;;;;;;;;;;;;;;;;;;;;;;;;;;;;;;;;;;;;;;;;;;;;;;;;;;;;;;;;;;;;;;;;;;;;;;;;;;;;;;;;;;;;;;;;;;;;;;;;;;;;;;;;;;;;;;;;;;;;;;;;;;;;;;;;;;;;;;;;;;;;;;;;;;;;;;;;;;;;;;;;;;;;;;;;;;;;;;;;;;;;;;;;;;;;;;;;;;;;;;;;;;;"12,90";"12,90";;;;;;;;;;;;;;;;;;;;;;;;;;;;;;;;;;;;;;;;;;;;;;;;;;;;;;;;;;;;;;;;;;;;;;;;;;;;;;;;;;;;;;;;;;;;;;;;;;;;;;;;;;;;;;;;;;;;;;;;;;;;;;;;;;;;;;;;;;;;;;;;;;;;;;;;;;;;;;;;;;;;;;;;;;;;;;TRUE;"6";"log_2sd_combined_adults_adolescents";TRUE;"47,6183498390268";"8,19960116374609";"rushing_flag_and_same_response_on_all_raw_IDAS_items"
"1176";;"0";"de";"2136729193";"2026/06/10 12:43:52";"2026/06/10 12:43:52";"https://www.psytoolkit.org/";"62202";"6";;;;;"cogn";;;;;;;;;;;;;;;;;;;;;;;;;;;;;;;;;;;;;;;;;;;;;;;;;;;;;;;;;;;;;;;;;;;;;;;;;;;;;;;;;;;;;;;;;;;;;;;;;;;;;;;;;;;;;;;;;;;;;;;;;;;;;;;;;;;;;;;;;;;;;;;;;;;;;;;;;;;;;;;;;;;;;;;;;;;;;;;;;;;;;;;;;;;;;;;;;;;;;;;;;;;;;;;;;;;;;;;;;;;;;;;;;;;;;;;;;;;;;;;;;;;;;;;;;;;;;;;;;;;;;;;;;;;;;;;;;;;;;;;;;;;;;;;;;;;;;;;;;;;;;;;;;;;;;;;;;;;;;;;;;;;;;;;;;;;;;;;;;;;;;;;;;;;;;;;;;;;;;;;;;;;;;;;;;;;;;;;;;;;;;;;;;;;;;;;;;;;;;;;;;;;;;;;;;;;;;;;;;;;;;;;;;;;;;;;;;;;;;;;;;;;;;;;;;;;;;;;;;;;;;;;;;;;;;;;;;;;;;;;;;;;;;;;;;;;;;;;;;;;;;;;;;;;;;;;;;;;;;;;;;;;;;;;;;;;;;;;;;;;;;;;;;;;;;;;;;;;;;;;;;;;;;;;;;;;;;;;;;;;;;;;;;;;;;;;;;;;;;;;;;;;;;;;;;;;;;;;;;;;;;;;;;;;;;;;;;;;;;;;;;;;;;;;;;;;;;;;;;;;;;;;;;;;;;;;;;;;;;;;;;;;;;;;;;;;;;;;;;;;;;;;;;;;;;;;;;;;;;;;;;;;;;;;;;;;;;;;;;;;;;;;;;;;;;;;;;;;;;;;;;;;;;;;;;;;;;;;;;;;;;;;;;;;;;;;;;;;;;;;;;;;;;;;;;;;;;;;;;;;;;;;;;;;;;;;;;;;;;;;;;;;;;;;;;;;;;;;;;;;;;;;;;;;;;;;;;;;;;;;;;;;;;;;;;;;;;;;;;;;;;;;;;;;;;;;;;;;;;;;;;;;;;;;;;;;;;;;;;;;;;;;;;;;;;;;;;;;;;;;;;;;;;;;;;;;;;;;;;;;;;;;;;;;"0,00";;;;;;;;;;;;;;;;;;;;;;;;;;;;;;;;;;;;;;;;;;;;;;;;;;;;;;;;;;;;;;;;;;;;;;;;;;;;;;;;;;;;;;;;;;;;;;;;;;;;;;;;;;;;;;;;;;;;;;;;;;;;;;;;;;;;;;;;;;;;;;;;;;;;;;;;;;;;;;;;;;;;;;;;;;;;;;;TRUE;"6";"log_2sd_combined_adults_adolescents";FALSE;"47,6183498390268";"8,19960116374609";"same_response_on_all_raw_IDAS_items"
"1178";;"0";"de";"1683678855";"2026/06/10 13:32:11";"2026/06/10 13:32:11";"https://www.psytoolkit.org/";"62203";"6";;;;;"cogn";;;;;;;;;;;;;;;;;;;;;;;;;;;;;;;;;;;;;;;;;;;;;;;;;;;;;;;;;;;;;;;;;;;;;;;;;;;;;;;;;;;;;;;;;;;;;;;;;;;;;;;;;;;;;;;;;;;;;;;;;;;;;;;;;;;;;;;;;;;;;;;;;;;;;;;;;;;;;;;;;;;;;;;;;;;;;;;;;;;;;;;;;;;;;;;;;;;;;;;;;;;;;;;;;;;;;;;;;;;;;;;;;;;;;;;;;;;;;;;;;;;;;;;;;;;;;;;;;;;;;;;;;;;;;;;;;;;;;;;;;;;;;;;;;;;;;;;;;;;;;;;;;;;;;;;;;;;;;;;;;;;;;;;;;;;;;;;;;;;;;;;;;;;;;;;;;;;;;;;;;;;;;;;;;;;;;;;;;;;;;;;;;;;;;;;;;;;;;;;;;;;;;;;;;;;;;;;;;;;;;;;;;;;;;;;;;;;;;;;;;;;;;;;;;;;;;;;;;;;;;;;;;;;;;;;;;;;;;;;;;;;;;;;;;;;;;;;;;;;;;;;;;;;;;;;;;;;;;;;;;;;;;;;;;;;;;;;;;;;;;;;;;;;;;;;;;;;;;;;;;;;;;;;;;;;;;;;;;;;;;;;;;;;;;;;;;;;;;;;;;;;;;;;;;;;;;;;;;;;;;;;;;;;;;;;;;;;;;;;;;;;;;;;;;;;;;;;;;;;;;;;;;;;;;;;;;;;;;;;;;;;;;;;;;;;;;;;;;;;;;;;;;;;;;;;;;;;;;;;;;;;;;;;;;;;;;;;;;;;;;;;;;;;;;;;;;;;;;;;;;;;;;;;;;;;;;;;;;;;;;;;;;;;;;;;;;;;;;;;;;;;;;;;;;;;;;;;;;;;;;;;;;;;;;;;;;;;;;;;;;;;;;;;;;;;;;;;;;;;;;;;;;;;;;;;;;;;;;;;;;;;;;;;;;;;;;;;;;;;;;;;;;;;;;;;;;;;;;;;;;;;;;;;;;;;;;;;;;;;;;;;;;;;;;;;;;;;;;;;;;;;;;;;;;;;;;;;;;;;;;;;;;;;"0,00";;;;;;;;;;;;;;;;;;;;;;;;;;;;;;;;;;;;;;;;;;;;;;;;;;;;;;;;;;;;;;;;;;;;;;;;;;;;;;;;;;;;;;;;;;;;;;;;;;;;;;;;;;;;;;;;;;;;;;;;;;;;;;;;;;;;;;;;;;;;;;;;;;;;;;;;;;;;;;;;;;;;;;;;;;;;;;;TRUE;"6";"log_2sd_combined_adults_adolescents";FALSE;"47,6183498390268";"8,19960116374609";"same_response_on_all_raw_IDAS_items"
"1183";;"0";"de";"485557956";"2026/06/12 10:30:34";"2026/06/12 10:30:34";"https://www.psytoolkit.org/";"62204";"6";;;;;"cogn";;;;;;;;;;;;;;;;;;;;;;;;;;;;;;;;;;;;;;;;;;;;;;;;;;;;;;;;;;;;;;;;;;;;;;;;;;;;;;;;;;;;;;;;;;;;;;;;;;;;;;;;;;;;;;;;;;;;;;;;;;;;;;;;;;;;;;;;;;;;;;;;;;;;;;;;;;;;;;;;;;;;;;;;;;;;;;;;;;;;;;;;;;;;;;;;;;;;;;;;;;;;;;;;;;;;;;;;;;;;;;;;;;;;;;;;;;;;;;;;;;;;;;;;;;;;;;;;;;;;;;;;;;;;;;;;;;;;;;;;;;;;;;;;;;;;;;;;;;;;;;;;;;;;;;;;;;;;;;;;;;;;;;;;;;;;;;;;;;;;;;;;;;;;;;;;;;;;;;;;;;;;;;;;;;;;;;;;;;;;;;;;;;;;;;;;;;;;;;;;;;;;;;;;;;;;;;;;;;;;;;;;;;;;;;;;;;;;;;;;;;;;;;;;;;;;;;;;;;;;;;;;;;;;;;;;;;;;;;;;;;;;;;;;;;;;;;;;;;;;;;;;;;;;;;;;;;;;;;;;;;;;;;;;;;;;;;;;;;;;;;;;;;;;;;;;;;;;;;;;;;;;;;;;;;;;;;;;;;;;;;;;;;;;;;;;;;;;;;;;;;;;;;;;;;;;;;;;;;;;;;;;;;;;;;;;;;;;;;;;;;;;;;;;;;;;;;;;;;;;;;;;;;;;;;;;;;;;;;;;;;;;;;;;;;;;;;;;;;;;;;;;;;;;;;;;;;;;;;;;;;;;;;;;;;;;;;;;;;;;;;;;;;;;;;;;;;;;;;;;;;;;;;;;;;;;;;;;;;;;;;;;;;;;;;;;;;;;;;;;;;;;;;;;;;;;;;;;;;;;;;;;;;;;;;;;;;;;;;;;;;;;;;;;;;;;;;;;;;;;;;;;;;;;;;;;;;;;;;;;;;;;;;;;;;;;;;;;;;;;;;;;;;;;;;;;;;;;;;;;;;;;;;;;;;;;;;;;;;;;;;;;;;;;;;;;;;;;;;;;;;;;;;;;;;;;;;;;;;;;;;;;;;;"0,00";;;;;;;;;;;;;;;;;;;;;;;;;;;;;;;;;;;;;;;;;;;;;;;;;;;;;;;;;;;;;;;;;;;;;;;;;;;;;;;;;;;;;;;;;;;;;;;;;;;;;;;;;;;;;;;;;;;;;;;;;;;;;;;;;;;;;;;;;;;;;;;;;;;;;;;;;;;;;;;;;;;;;;;;;;;;;;;TRUE;"6";"log_2sd_combined_adults_adolescents";FALSE;"47,6183498390268";"8,19960116374609";"same_response_on_all_raw_IDAS_items"
"1193";"2026/06/15 11:33:48";"26";"de";"1463449374";"2026/06/15 11:33:42";"2026/06/15 11:33:48";"https://www.psytoolkit.org/";"62206";"6";;;;;"cogn";;;;;;;;;;;;;;;;;;;;;;;;;;;;;;;;;;;;;;;;;;;;;;;;;;;;;;;;;;;;;;;;;;;;;;;;;;;;;;;;;;;;;;;;;;;;;;;;;;;;;;;;;;;;;;;;;;;;;;;;;;;;;;;;;;;;;;;;;;;;;;;;;;;;;;;;;;;;;;;;;;;;;;;;;;;;;;;;;;;;;;;;;;;;;;;;;;;;;;;;;;;;;;;;;;;;;;;;;;;;;;;;;;;;;;;;;;;;;;;;;;;;;;;;;;;;;;;;;;;;;;;;;;;;;;;;;;;;;;;;;;;;;;;;;;;;;;;;;;;;;;;;;;;;;;;;;;;;;;;;;;;;;;;;;;;;;;;;;;;;;;;;;;;;;;;;;;;;;;;;;;;;;;;;;;;;;;;;;;;;;;;;;;;;;;;;;;;;;;;;;;;;;;;;;;;;;;;;;;;;;;;;;;;;;;;;;;;;;;;;;;;;;;;;;;;;;;;;;;;;;;;;;;;;;;;;;;;;;;;;;;;;;;;;;;;;;;;;;;;;;;;;;;;;;;;;;;;;;;;;;;;;;;;;;;;;;;;;;;;;;;;;;;;;;;;;;;;;;;;;;;;;;;;;;;;;;;;;;;;;;;;;;;;;;;;;;;;;;;;;;;;;;;;;;;;;;;;;;;;;;;;;;;;;;;;;;;;;;;;;;;;;;;;;;;;;;;;;;;;;;;;;;;;;;;;;;;;;;;;;;;;;;;;;;;;;;;;;;;;;;;;;;;;;;;;;;;;;;;;;;;;;;;;;;;;;;;;;;;;;;;;;;;;;;;;;;;;;;;;;;;;;;;;;;;;;;;;;;;;;;;;;;;;;;;;;;;;;;;;;;;;;;;;;;;;;;;;;;;;;;;;;;;;;;;;;;;;;;;;;;;;;;;;;;;;;;;;;;;;;;;;;;;;;;;;;;;;;;;;;;;;;;;;;;;;;;;;;;;;;;;;;;;;;;;;;;;;;;;;;;;;;;;;;;;;;;;;;;;;;;;;;;;;;;;;;;;;;;;;;;;;;;;;;;;;;;;;;;;;;;;;;;;;"6,99";"6,99";;;;;;;;;;;;;;;;;;;;;;;;;;;;;;;;;;;;;;;;;;;;;;;;;;;;;;;;;;;;;;;;;;;;;;;;;;;;;;;;;;;;;;;;;;;;;;;;;;;;;;;;;;;;;;;;;;;;;;;;;;;;;;;;;;;;;;;;;;;;;;;;;;;;;;;;;;;;;;;;;;;;;;;;;;;;;;TRUE;"6";"log_2sd_combined_adults_adolescents";TRUE;"47,6183498390268";"8,19960116374609";"rushing_flag_and_same_response_on_all_raw_IDAS_items"
"1205";;"0";"de";"128752609";"2026/06/23 12:36:36";"2026/06/23 12:36:36";"https://www.psytoolkit.org/";"62207";"6";;;;;"cogn";;;;;;;;;;;;;;;;;;;;;;;;;;;;;;;;;;;;;;;;;;;;;;;;;;;;;;;;;;;;;;;;;;;;;;;;;;;;;;;;;;;;;;;;;;;;;;;;;;;;;;;;;;;;;;;;;;;;;;;;;;;;;;;;;;;;;;;;;;;;;;;;;;;;;;;;;;;;;;;;;;;;;;;;;;;;;;;;;;;;;;;;;;;;;;;;;;;;;;;;;;;;;;;;;;;;;;;;;;;;;;;;;;;;;;;;;;;;;;;;;;;;;;;;;;;;;;;;;;;;;;;;;;;;;;;;;;;;;;;;;;;;;;;;;;;;;;;;;;;;;;;;;;;;;;;;;;;;;;;;;;;;;;;;;;;;;;;;;;;;;;;;;;;;;;;;;;;;;;;;;;;;;;;;;;;;;;;;;;;;;;;;;;;;;;;;;;;;;;;;;;;;;;;;;;;;;;;;;;;;;;;;;;;;;;;;;;;;;;;;;;;;;;;;;;;;;;;;;;;;;;;;;;;;;;;;;;;;;;;;;;;;;;;;;;;;;;;;;;;;;;;;;;;;;;;;;;;;;;;;;;;;;;;;;;;;;;;;;;;;;;;;;;;;;;;;;;;;;;;;;;;;;;;;;;;;;;;;;;;;;;;;;;;;;;;;;;;;;;;;;;;;;;;;;;;;;;;;;;;;;;;;;;;;;;;;;;;;;;;;;;;;;;;;;;;;;;;;;;;;;;;;;;;;;;;;;;;;;;;;;;;;;;;;;;;;;;;;;;;;;;;;;;;;;;;;;;;;;;;;;;;;;;;;;;;;;;;;;;;;;;;;;;;;;;;;;;;;;;;;;;;;;;;;;;;;;;;;;;;;;;;;;;;;;;;;;;;;;;;;;;;;;;;;;;;;;;;;;;;;;;;;;;;;;;;;;;;;;;;;;;;;;;;;;;;;;;;;;;;;;;;;;;;;;;;;;;;;;;;;;;;;;;;;;;;;;;;;;;;;;;;;;;;;;;;;;;;;;;;;;;;;;;;;;;;;;;;;;;;;;;;;;;;;;;;;;;;;;;;;;;;;;;;;;;;;;;;;;;;;;;;;;;;"0,00";;;;;;;;;;;;;;;;;;;;;;;;;;;;;;;;;;;;;;;;;;;;;;;;;;;;;;;;;;;;;;;;;;;;;;;;;;;;;;;;;;;;;;;;;;;;;;;;;;;;;;;;;;;;;;;;;;;;;;;;;;;;;;;;;;;;;;;;;;;;;;;;;;;;;;;;;;;;;;;;;;;;;;;;;;;;;;;TRUE;"6";"log_2sd_combined_adults_adolescents";FALSE;"47,6183498390268";"8,19960116374609";"same_response_on_all_raw_IDAS_items"
"1226";"2026/06/30 10:26:41";"26";"de";"1403051300";"2026/06/30 10:26:07";"2026/06/30 10:26:41";"https://www.psytoolkit.org/";"62208";"6";;;;;"cogn";;;;;;;;;;;;;;;;;;;;;;;;;;;;;;;;;;;;;;;;;;;;;;;;;;;;;;;;;;;;;;;;;;;;;;;;;;;;;;;;;;;;;;;;;;;;;;;;;;;;;;;;;;;;;;;;;;;;;;;;;;;;;;;;;;;;;;;;;;;;;;;;;;;;;;;;;;;;;;;;;;;;;;;;;;;;;;;;;;;;;;;;;;;;;;;;;;;;;;;;;;;;;;;;;;;;;;;;;;;;;;;;;;;;;;;;;;;;;;;;;;;;;;;;;;;;;;;;;;;;;;;;;;;;;;;;;;;;;;;;;;;;;;;;;;;;;;;;;;;;;;;;;;;;;;;;;;;;;;;;;;;;;;;;;;;;;;;;;;;;;;;;;;;;;;;;;;;;;;;;;;;;;;;;;;;;;;;;;;;;;;;;;;;;;;;;;;;;;;;;;;;;;;;;;;;;;;;;;;;;;;;;;;;;;;;;;;;;;;;;;;;;;;;;;;;;;;;;;;;;;;;;;;;;;;;;;;;;;;;;;;;;;;;;;;;;;;;;;;;;;;;;;;;;;;;;;;;;;;;;;;;;;;;;;;;;;;;;;;;;;;;;;;;;;;;;;;;;;;;;;;;;;;;;;;;;;;;;;;;;;;;;;;;;;;;;;;;;;;;;;;;;;;;;;;;;;;;;;;;;;;;;;;;;;;;;;;;;;;;;;;;;;;;;;;;;;;;;;;;;;;;;;;;;;;;;;;;;;;;;;;;;;;;;;;;;;;;;;;;;;;;;;;;;;;;;;;;;;;;;;;;;;;;;;;;;;;;;;;;;;;;;;;;;;;;;;;;;;;;;;;;;;;;;;;;;;;;;;;;;;;;;;;;;;;;;;;;;;;;;;;;;;;;;;;;;;;;;;;;;;;;;;;;;;;;;;;;;;;;;;;;;;;;;;;;;;;;;;;;;;;;;;;;;;;;;;;;;;;;;;;;;;;;;;;;;;;;;;;;;;;;;;;;;;;;;;;;;;;;;;;;;;;;;;;;;;;;;;;;;;;;;;;;;;;;;;;;;;;;;;;;;;;;;;;;;;;;;;;;;;;;;;;;"33,47";"33,47";;;;;;;;;;;;;;;;;;;;;;;;;;;;;;;;;;;;;;;;;;;;;;;;;;;;;;;;;;;;;;;;;;;;;;;;;;;;;;;;;;;;;;;;;;;;;;;;;;;;;;;;;;;;;;;;;;;;;;;;;;;;;;;;;;;;;;;;;;;;;;;;;;;;;;;;;;;;;;;;;;;;;;;;;;;;;;TRUE;"6";"log_2sd_combined_adults_adolescents";TRUE;"47,6183498390268";"8,19960116374609";"rushing_flag_and_same_response_on_all_raw_IDAS_items"
"1230";;"0";"de";"1817238336";"2026/07/01 09:29:54";"2026/07/01 09:29:54";"https://www.psytoolkit.org/";"62209";"6";;;;;"cogn";;;;;;;;;;;;;;;;;;;;;;;;;;;;;;;;;;;;;;;;;;;;;;;;;;;;;;;;;;;;;;;;;;;;;;;;;;;;;;;;;;;;;;;;;;;;;;;;;;;;;;;;;;;;;;;;;;;;;;;;;;;;;;;;;;;;;;;;;;;;;;;;;;;;;;;;;;;;;;;;;;;;;;;;;;;;;;;;;;;;;;;;;;;;;;;;;;;;;;;;;;;;;;;;;;;;;;;;;;;;;;;;;;;;;;;;;;;;;;;;;;;;;;;;;;;;;;;;;;;;;;;;;;;;;;;;;;;;;;;;;;;;;;;;;;;;;;;;;;;;;;;;;;;;;;;;;;;;;;;;;;;;;;;;;;;;;;;;;;;;;;;;;;;;;;;;;;;;;;;;;;;;;;;;;;;;;;;;;;;;;;;;;;;;;;;;;;;;;;;;;;;;;;;;;;;;;;;;;;;;;;;;;;;;;;;;;;;;;;;;;;;;;;;;;;;;;;;;;;;;;;;;;;;;;;;;;;;;;;;;;;;;;;;;;;;;;;;;;;;;;;;;;;;;;;;;;;;;;;;;;;;;;;;;;;;;;;;;;;;;;;;;;;;;;;;;;;;;;;;;;;;;;;;;;;;;;;;;;;;;;;;;;;;;;;;;;;;;;;;;;;;;;;;;;;;;;;;;;;;;;;;;;;;;;;;;;;;;;;;;;;;;;;;;;;;;;;;;;;;;;;;;;;;;;;;;;;;;;;;;;;;;;;;;;;;;;;;;;;;;;;;;;;;;;;;;;;;;;;;;;;;;;;;;;;;;;;;;;;;;;;;;;;;;;;;;;;;;;;;;;;;;;;;;;;;;;;;;;;;;;;;;;;;;;;;;;;;;;;;;;;;;;;;;;;;;;;;;;;;;;;;;;;;;;;;;;;;;;;;;;;;;;;;;;;;;;;;;;;;;;;;;;;;;;;;;;;;;;;;;;;;;;;;;;;;;;;;;;;;;;;;;;;;;;;;;;;;;;;;;;;;;;;;;;;;;;;;;;;;;;;;;;;;;;;;;;;;;;;;;;;;;;;;;;;;;;;;;;;;;;;;;;;;"0,00";;;;;;;;;;;;;;;;;;;;;;;;;;;;;;;;;;;;;;;;;;;;;;;;;;;;;;;;;;;;;;;;;;;;;;;;;;;;;;;;;;;;;;;;;;;;;;;;;;;;;;;;;;;;;;;;;;;;;;;;;;;;;;;;;;;;;;;;;;;;;;;;;;;;;;;;;;;;;;;;;;;;;;;;;;;;;;;TRUE;"6";"log_2sd_combined_adults_adolescents";FALSE;"47,6183498390268";"8,19960116374609";"same_response_on_all_raw_IDAS_items"
"1245";"2026/07/06 15:31:39";"26";"de";"1973395880";"2026/07/06 15:31:19";"2026/07/06 15:31:39";"https://www.psytoolkit.org/";"62210";"6";;;;;"cogn";;;;;;;;;;;;;;;;;;;;;;;;;;;;;;;;;;;;;;;;;;;;;;;;;;;;;;;;;;;;;;;;;;;;;;;;;;;;;;;;;;;;;;;;;;;;;;;;;;;;;;;;;;;;;;;;;;;;;;;;;;;;;;;;;;;;;;;;;;;;;;;;;;;;;;;;;;;;;;;;;;;;;;;;;;;;;;;;;;;;;;;;;;;;;;;;;;;;;;;;;;;;;;;;;;;;;;;;;;;;;;;;;;;;;;;;;;;;;;;;;;;;;;;;;;;;;;;;;;;;;;;;;;;;;;;;;;;;;;;;;;;;;;;;;;;;;;;;;;;;;;;;;;;;;;;;;;;;;;;;;;;;;;;;;;;;;;;;;;;;;;;;;;;;;;;;;;;;;;;;;;;;;;;;;;;;;;;;;;;;;;;;;;;;;;;;;;;;;;;;;;;;;;;;;;;;;;;;;;;;;;;;;;;;;;;;;;;;;;;;;;;;;;;;;;;;;;;;;;;;;;;;;;;;;;;;;;;;;;;;;;;;;;;;;;;;;;;;;;;;;;;;;;;;;;;;;;;;;;;;;;;;;;;;;;;;;;;;;;;;;;;;;;;;;;;;;;;;;;;;;;;;;;;;;;;;;;;;;;;;;;;;;;;;;;;;;;;;;;;;;;;;;;;;;;;;;;;;;;;;;;;;;;;;;;;;;;;;;;;;;;;;;;;;;;;;;;;;;;;;;;;;;;;;;;;;;;;;;;;;;;;;;;;;;;;;;;;;;;;;;;;;;;;;;;;;;;;;;;;;;;;;;;;;;;;;;;;;;;;;;;;;;;;;;;;;;;;;;;;;;;;;;;;;;;;;;;;;;;;;;;;;;;;;;;;;;;;;;;;;;;;;;;;;;;;;;;;;;;;;;;;;;;;;;;;;;;;;;;;;;;;;;;;;;;;;;;;;;;;;;;;;;;;;;;;;;;;;;;;;;;;;;;;;;;;;;;;;;;;;;;;;;;;;;;;;;;;;;;;;;;;;;;;;;;;;;;;;;;;;;;;;;;;;;;;;;;;;;;;;;;;;;;;;;;;;;;;;;;;;;;;;;;;"19,37";"19,37";;;;;;;;;;;;;;;;;;;;;;;;;;;;;;;;;;;;;;;;;;;;;;;;;;;;;;;;;;;;;;;;;;;;;;;;;;;;;;;;;;;;;;;;;;;;;;;;;;;;;;;;;;;;;;;;;;;;;;;;;;;;;;;;;;;;;;;;;;;;;;;;;;;;;;;;;;;;;;;;;;;;;;;;;;;;;;TRUE;"6";"log_2sd_combined_adults_adolescents";TRUE;"47,6183498390268";"8,19960116374609";"rushing_flag_and_same_response_on_all_raw_IDAS_items"
"1274";"2026/07/14 08:28:40";"26";"de";"504773824";"2026/07/14 08:28:14";"2026/07/14 08:28:40";"https://www.psytoolkit.org/";"62211";"6";;;;;"cogn";;;;;;;;;;;;;;;;;;;;;;;;;;;;;;;;;;;;;;;;;;;;;;;;;;;;;;;;;;;;;;;;;;;;;;;;;;;;;;;;;;;;;;;;;;;;;;;;;;;;;;;;;;;;;;;;;;;;;;;;;;;;;;;;;;;;;;;;;;;;;;;;;;;;;;;;;;;;;;;;;;;;;;;;;;;;;;;;;;;;;;;;;;;;;;;;;;;;;;;;;;;;;;;;;;;;;;;;;;;;;;;;;;;;;;;;;;;;;;;;;;;;;;;;;;;;;;;;;;;;;;;;;;;;;;;;;;;;;;;;;;;;;;;;;;;;;;;;;;;;;;;;;;;;;;;;;;;;;;;;;;;;;;;;;;;;;;;;;;;;;;;;;;;;;;;;;;;;;;;;;;;;;;;;;;;;;;;;;;;;;;;;;;;;;;;;;;;;;;;;;;;;;;;;;;;;;;;;;;;;;;;;;;;;;;;;;;;;;;;;;;;;;;;;;;;;;;;;;;;;;;;;;;;;;;;;;;;;;;;;;;;;;;;;;;;;;;;;;;;;;;;;;;;;;;;;;;;;;;;;;;;;;;;;;;;;;;;;;;;;;;;;;;;;;;;;;;;;;;;;;;;;;;;;;;;;;;;;;;;;;;;;;;;;;;;;;;;;;;;;;;;;;;;;;;;;;;;;;;;;;;;;;;;;;;;;;;;;;;;;;;;;;;;;;;;;;;;;;;;;;;;;;;;;;;;;;;;;;;;;;;;;;;;;;;;;;;;;;;;;;;;;;;;;;;;;;;;;;;;;;;;;;;;;;;;;;;;;;;;;;;;;;;;;;;;;;;;;;;;;;;;;;;;;;;;;;;;;;;;;;;;;;;;;;;;;;;;;;;;;;;;;;;;;;;;;;;;;;;;;;;;;;;;;;;;;;;;;;;;;;;;;;;;;;;;;;;;;;;;;;;;;;;;;;;;;;;;;;;;;;;;;;;;;;;;;;;;;;;;;;;;;;;;;;;;;;;;;;;;;;;;;;;;;;;;;;;;;;;;;;;;;;;;;;;;;;;;;;;;;;;;;;;;;;;;;;;;;;;;;;;;;;;;"26,37";"26,37";;;;;;;;;;;;;;;;;;;;;;;;;;;;;;;;;;;;;;;;;;;;;;;;;;;;;;;;;;;;;;;;;;;;;;;;;;;;;;;;;;;;;;;;;;;;;;;;;;;;;;;;;;;;;;;;;;;;;;;;;;;;;;;;;;;;;;;;;;;;;;;;;;;;;;;;;;;;;;;;;;;;;;;;;;;;;;TRUE;"6";"log_2sd_combined_adults_adolescents";TRUE;"47,6183498390268";"8,19960116374609";"rushing_flag_and_same_response_on_all_raw_IDAS_items"
"127";"2025/01/28 12:34:53";"19";"de";"2022393236";"2025/01/28 11:48:16";"2025/01/28 12:34:53";"https://umfragen.uni-hamburg.de/ru5389bb";"70012";"7";;;;;;;;"1";"1";"1";"1";"1";"1";"1";"1";"1";"1";"1";"1";"1";"1";"1";"1";"1";"1";"1";"1";"1";"1";"1";"1";"1";"1";"1";"1";"1";"1";"1";"1";"1";"1";"1";"1";"1";"1";"1";"1";"1";"1";"1";"1";"1";"1";"1";"1";"1";"1";"1";"1";"1";"1";"1";"1";"1";"1";"1";"1";"1";"1";"1";"1";"1";"1";"1";"1";"1";"1";"1";"1";"1";"1";"1";"1";"1";"1";"1";"1";"1";"1";"1";"1";"1";"1";"1";"1";"1";"1";"1";"1";"1";"1";"1";"1";"1";"1";"1";"0";"0";"0";"0";"0";"0";"0";"0";"0";"1";"0";"0";"0";"0";"0";"0";"0";"0";"0";"1";;;;;;;;;;"1";;;;;;;;;;"0";"0";"0";"0";"0";"0";"0";"0";"0";"0";"0";;;"0";;;"0";;;"0";;;"0";;;"0";;;"0";;;"0";;;"0";;;"0";"0";"0";"0";"0";"0";"1";"1";"1";"1";"1";"1";"1";"1";"1";"1";"1";"1";"1";"1";"1";"1";"1";"1";"1";"1";"1";"1";"1";"1";"2";"1";"2";"1";"3";"4";"3";"5";"3";"4";"3";"4";"1";"4";"5";"4";"3";"5";"2";"3";"5";"4";"2";"4";"2";"2";"5";"1";"1";"1";"1";"1";"1";"1";"1";"1";"1";"1";"1";"0";"0";"0";"0";"0";"0";"0";"0";"0";"1";"4";"4";"1";"3";"1";"3";"4";"1";"2";"1";"1";"5";"4";"1";"3";"1";"4";"5";"2";"1";"3";"1";"2";"4";"5";"2";"3";;"0";"0";"0";;"0";"0";"0";"0";"0";"0";"0";"0";"0";"0";"0";"0";;;;;;;;;;;;;;;;;;;;;;;;;;;;;;;;;;;;;;;;;;;;;;;;;;;;;;;;;;;;;;;;;;;;;;;;;;;;;;;;;;;;;;;;;;;;;;;;;;;;;;;;;;;;;;;;;;;;;;;;;;;;;;;;;;;;;;;;;;;;;;;;;;;;;;;;;;;;;;;;;;;;;;;;;;;;;;;;;;;;;;;;;;;;;;;;;;;;;"0";"2";"165";"51";"1";"Paroxetin 40mg";"0";;;"NW";"WF";"1";"2";"1";"0";"0";;;;;;;;;;;;;;;;;;;;;;;;;;;;"0";;;;;;;;;;;;;;;;;;;;;;;;;;;;;"Y";;;;;;;;;;;;;;;;;;;;;;"3";;;;;;;;;;;;;;;;;;;;;;;;;;;;;;;;;;"Y";;;;;;;;"Y";;;;;;;;;;;;;;;;;;;;;;"2";;;;;;;;;;;;;;;;;;;;;;;;;;;;;;"Y";;;;;;;;;;;;;;;;;;;;;;;;;;;;"Y";;;;;;;;;;;;;;;;;;;;;;;;;;;;;;;"Y";;;;;;;;;;;;"Y";;;;;;;;;;;;;;;;;;;;;;"2";;;;;;;;;;"Y";;;;;;;;;;;;;;;;;;;;;;"2";;;;;;;;;;;;;;;;;;;;;;;;;;;;;"Y";;;;;;;;;;;;;;;;;;;;;;;;;;;;;;;;"Y";;;;;;;;;;;;;;;;;;;;;;;;;;;;;"Y";;;;;;;;;;;;;;;;;;;;;;;;;;;"Y";;;;;;;;;;"Die Geschwister meiner Oma mütterlicherseits sind zum Teil an schweren psychologische Störungen erkannt wie an Schizophrenie, Psychosen und starken Depressionen mit Suizidfolge.";"1";"Y";;;;;;;;;"6";"4";;;;;;;;;;;;;;;;;"1997/08/31 22:00:00";"1";;"4";;;;;"Y";;"Y";;;;;;;;"0";;;"2797,82";;;;;;;;;;"4,04";;"168,42";;"107,68";;;"13,89";;"19,19";;;;;;;;;;;;;;;;;;;;;;;;;;;;"8,83";;"27,10";;"290,68";;"13,80";;"11,10";;"495,21";;"555,98";;;;;;;;;;;;;;;;;;;;;;;;;;;;;;;;;;;;;;;;;;;;;;;;;;;;;"128,76";;;;;;;;;"266,64";;;;;;;;;;;;;"499,05";;;;;;;;;;;;;;;;;;;;;;;;;;;"126,34";;;;"48,93";;;;;;"12,18";;;;TRUE;"7";"log_2sd_combined_adults_adolescents";FALSE;"47,6183498390268";"8,19960116374609";"same_response_on_all_raw_IDAS_items"
"144";"2025/02/14 13:07:17";"19";"de";"1913631486";"2025/02/14 12:37:18";"2025/02/14 13:07:17";"https://umfragen.uni-hamburg.de/ru5389bb";"70024";"7";;;;;;;;"5";"5";"5";"5";"5";"5";"5";"5";"5";"5";"5";"5";"5";"5";"5";"5";"5";"5";"5";"5";"5";"5";"5";"5";"5";"5";"5";"5";"5";"5";"5";"5";"5";"5";"5";"5";"5";"5";"5";"5";"5";"5";"5";"5";"5";"5";"5";"5";"5";"5";"5";"5";"5";"5";"5";"5";"5";"5";"5";"5";"5";"5";"5";"5";"5";"5";"5";"5";"5";"5";"5";"5";"5";"5";"5";"5";"5";"5";"5";"5";"5";"5";"5";"5";"5";"5";"5";"5";"5";"5";"5";"5";"5";"5";"5";"5";"5";"5";"3";"3";"3";"3";"3";"3";"3";"3";"3";"3";"3";"3";"3";"3";"3";"3";"3";"3";"3";"3";"3";"3";"3";"3";"3";"3";"3";"3";"3";"3";"3";"3";"3";"3";"3";"3";"3";"3";"3";"3";"3";"3";"3";"3";"3";"3";"3";"3";"3";"3";"1";"6";"5";"1";"6";"5";"1";"6";"5";"1";"6";"5";"1";"6";"5";"1";"6";"5";"1";"6";"5";"1";"6";"5";"1";"6";"5";"4";"4";"4";"4";"4";"4";"4";"4";"4";"4";"4";"4";"4";"4";"4";"4";"4";"4";"4";"4";"4";"4";"4";"4";"4";"4";"4";"4";"4";"4";"5";"5";"5";"5";"5";"5";"5";"5";"5";"5";"5";"5";"5";"5";"5";"5";"5";"5";"5";"5";"5";"5";"5";"5";"5";"5";"5";"5";"5";"5";"5";"5";"5";"5";"5";"5";"5";"5";"5";"4";"4";"4";"4";"4";"4";"4";"4";"4";"5";"5";"5";"5";"5";"5";"5";"5";"5";"5";"5";"5";"5";"5";"5";"5";"5";"5";"5";"5";"5";"5";"5";"5";"5";"5";"5";"5";;"4";"4";"4";;"4";"4";"4";"4";"4";"4";"4";"4";"4";"4";"4";"4";;;;;;;;;;;;;;;;;;;;;;;;;;;;;;;;;;;;;;;;;;;;;;;;;;;;;;;;;;;;;;;;;;;;;;;;;;;;;;;;;;;;;;;;;;;;;;;;;;;;;;;;;;;;;;;;;;;;;;;;;;;;;;;;;;;;;;;;;;;;;;;;;;;;;;;;;;;;;;;;;;;;;;;;;;;;;;;;;;;;;;;;;;;;;;;;;;;;;"2";"2";"141";"28";"1";"{{{";"1";"d[[";;"Al";"Bl";"2";"2";"1";"1";"1";"Ml";;;;;;;;;"1";;;;;;;;;"1";;;;;;;;;"0";;;;;;;;;;;;;;;;;;;;;;;;;;;;;;;;;;;;;;;;;;;;;;;;;;"Y";;;;;;;;;;;;;;;;;;;;;;;;;;;;;;;;;;;"Y";;;;;;;;;;;;;;;;;;;;;;;;;;;;;"Y";;;;;;;;;;;;;;;;;;;;;;;;;;;;;;;"Y";;;;;;;;;;;;;;;;;;;;;;;;;;;;"Y";;;;;;;;;;;;;;;;;;;;;;;;;;;;;;;"Y";;;;;;;;;;;;;;;;;;;;;;;;;;;;;;;;;"Y";;;;;;;;;;;;;;;;;;;;;;;;;;;;;;;;"Y";;;;;;;;;;;;;;;;;;;;;;;;;;;;;;"Y";;;;;;;;;;;;;;;;;;;;;;;;;;;;;;;;"Y";;;;;;;;;;;;;;;;;;;;;;;;;;;;;"Y";;;;;;;;;;;;;;;;;;;;;;;;;;;"Y";;;;;;;;;;;"1";;;;;;;;"Y";;;;;;;;;;;;;;;;"0";"0";;;"1996/05/31 22:00:00";"2";;"8";;;;;"Y";;;;;;;;;;"0";;;"1800,72";;;;;;;;;;"3,78";;"223,04";;"67,11";;;"26,15";;"176,65";;;;;;;;;;;;;;;;;;;;;;;;;;;;"7,82";;"43,79";;"43,05";;"23,81";;"11,44";;"43,65";;"62,45";;;;;;;;;;;;;;;;;;;;;;;;;;;;;;;;;;;;;;;;;;;;;;;;;;;;;"26,39";;;;;;;;;"361,30";;;;;;;;;;;;;"50,10";;;;;;;;;;;;;;;;;;;;;;;;;;;"15,12";;;;"605,86";;;;;;"9,21";;;;TRUE;"7";"log_2sd_combined_adults_adolescents";FALSE;"47,6183498390268";"8,19960116374609";"same_response_on_all_raw_IDAS_items"
"1055";"2026/05/05 07:52:57";"26";"de";"709176310";"2026/05/05 07:27:39";"2026/05/05 07:52:56";"https://umfragen.uni-hamburg.de/index.php/415148";"70215";"7";;;;;;;;"1";"1";"1";"1";"1";"1";"1";"1";"1";"1";"1";"1";"1";"1";"1";"1";"1";"1";"1";"1";"1";"1";"1";"1";"1";"1";"1";"1";"1";"1";"1";"1";"1";"1";"1";"1";"1";"1";"1";"1";"1";"1";"1";"1";"1";"1";"1";"1";"1";"1";"1";"1";"1";"1";"1";"1";"1";"1";"1";"1";"1";"1";"1";"1";"1";"1";"1";"1";"1";"1";"1";"1";"1";"1";"1";"1";"1";"1";"1";"1";"1";"1";"1";"1";"1";"1";"1";"1";"1";"1";"1";"1";"1";"1";"1";"1";"1";"1";"0";"0";"0";"0";"0";"0";"0";"0";"0";"0";"0";"0";"0";"0";"0";"0";"0";"0";"0";"0";;;;;;;;;;;;;;;;;;;;;"0";"0";"0";"0";"0";"0";"0";"0";"0";"0";"0";;;"0";;;"0";;;"0";;;"0";;;"0";;;"0";;;"0";;;"0";;;"1";"1";"0";"1";"2";"0";"1";"1";"1";"1";"1";"1";"1";"1";"1";"1";"1";"1";"1";"1";"1";"1";"1";"1";"1";"1";"1";"1";"1";"1";"1";"1";"1";"1";"1";"1";"1";"1";"1";"1";"1";"1";"1";"1";"1";"1";"1";"1";"1";"1";"1";"1";"1";"1";"1";"1";"1";"1";"1";"1";"1";"1";"1";"1";"1";"1";"1";"1";"1";"0";"0";"0";"0";"0";"0";"0";"0";"0";"1";"1";"1";"1";"1";"1";"1";"1";"1";"1";"1";"1";"1";"1";"1";"1";"1";"1";"1";"1";"1";"1";"1";"1";"1";"1";"1";"1";;"0";"0";"0";;"0";"0";"0";"0";"0";"0";"0";"0";"0";"0";"0";"0";;;;;;;;;;;;;;;;;;;;;;;;;;;;;;;;;;;;;;;;;;;;;;;;;;;;;;;;;;;;;;;;;;;;;;;;;;;;;;;;;;;;;;;;;;;;;;;;;;;;;;;;;;;;;;;;;;;;;;;;;;;;;;;;;;;;;;;;;;;;;;;;;;;;;;;;;;;;;;;;;;;;;;;;;;;;;;;;;;;;;;;;;;;;;;;;;;;;;"0";"0";"164";"52";"0";;"1";"Endovelle  Wirkstoff Dienogest 2mg";;"NN";"KN";"1";"2";"1";"0";"2";"JN";"SN";;;;;;;;"1";"2";;;;;;;;"1";"1";;;;;;;;"0";;;;;;;;;;;;;;;;;;;;;;;;;;;;;"Y";;;"Y";;;;;;;;;;;;;;;;;;;"2";;;"3";;;;;;;;;;;;;;;;;;;;;;;;;;;;;;;"Y";;;;;;;;;;;;;;;;;;;;;;;;;;;;;"Y";;;;;;;;;;;;;;;;;;;;;;;;;;;;;;;"Y";;;;;;;"Y";;;;;;;;;;;;;;;;;;;;;;"2";;;;;;;;;;;;;;;;;;;;;;;;;;;;;;"Y";;;;;;;;;;;;"Y";;;"Y";"Y";;;;;;;;;;;;;;;;;;"2";;;"2";"2";;;;;;;;;;;;;;;;;;;;;;;;;;;"Y";;;;;;;;;;;;;;;;;;;;;;;;;;;;;;"Y";;;;;;;;;;;;"Y";;;;;;;;;;;;;;;;;;;;;;"2";;;;;;;;;;;;;;;;;;;;;;;;;;;"Y";;;;;;;;;;;;;;;;;;;;;;;;;;;"Y";;;;;;;;;;"Vater ist verstorben";"0";;;;;;;;;;;;;;;;;;;;;;;;;;;;"1999/08/31 22:00:00";"1";;"8";;;;;"Y";;;;;;;;;;"0";;;"1516,95";;;;;;;;;;"5,38";;"96,86";;"18,21";;;"11,43";;"12,96";;;;;;;;;;;;;;;;;;;;;;;;;;;;"91,71";;"25,25";;"32,38";;"32,39";;"9,12";;"29,39";;"29,66";;;;;;;;;;;;;;;;;;;;;;;;;;;;;;;;;;;;;;;;;;;;;;;;;;;;;"341,20";;;;;;;;;"108,00";;;;;;;;;;;;;"335,34";;;;;;;;;;;;;;;;;;;;;;;;;;;"21,83";;;;"302,83";;;;;;"13,01";;;;TRUE;"7";"log_2sd_combined_adults_adolescents";FALSE;"47,6183498390268";"8,19960116374609";"same_response_on_all_raw_IDAS_items"
"1251";"2026/07/07 12:48:32";"26";"de";"998020413";"2026/07/07 12:02:23";"2026/07/07 12:48:32";"https://umfragen.uni-hamburg.de/ru5389bb";"70219";"7";;;;;;;;"5";"5";"5";"5";"5";"5";"5";"5";"5";"5";"5";"5";"5";"5";"5";"5";"5";"5";"5";"5";"5";"5";"5";"5";"5";"5";"5";"5";"5";"5";"5";"5";"5";"5";"5";"5";"5";"5";"5";"5";"5";"5";"5";"5";"5";"5";"5";"5";"5";"5";"5";"5";"5";"5";"5";"5";"5";"5";"5";"5";"5";"5";"5";"5";"5";"5";"5";"5";"5";"5";"5";"5";"5";"5";"5";"5";"5";"5";"5";"5";"5";"5";"5";"5";"5";"5";"5";"5";"5";"5";"5";"5";"5";"5";"5";"5";"5";"5";"3";"3";"3";"3";"3";"3";"3";"3";"3";"3";"3";"3";"3";"3";"3";"3";"3";"3";"3";"3";"3";"3";"3";"3";"3";"3";"3";"3";"3";"3";"3";"3";"3";"3";"3";"3";"3";"3";"3";"3";"3";"3";"3";"3";"3";"3";"3";"3";"3";"3";"0";;;"0";;;"0";;;"0";;;"0";;;"0";;;"0";;;"0";;;"0";;;"2";"0";"4";"3";"4";"3";"4";"4";"4";"4";"4";"4";"4";"4";"4";"4";"4";"4";"4";"4";"4";"4";"4";"4";"4";"4";"4";"4";"4";"4";"5";"5";"5";"5";"5";"5";"5";"5";"5";"5";"5";"5";"5";"5";"5";"5";"5";"5";"5";"5";"5";"5";"5";"5";"5";"5";"5";"5";"5";"5";"5";"5";"5";"5";"5";"5";"5";"5";"5";"4";"4";"4";"4";"4";"4";"4";"4";"4";"5";"5";"5";"5";"5";"5";"5";"5";"5";"5";"5";"5";"5";"5";"5";"5";"5";"5";"5";"5";"5";"5";"5";"5";"5";"5";"5";"5";;"4";"4";"4";;"4";"4";"4";"4";"4";"4";"4";"4";"4";"4";"4";"4";;;;;;;;;;;;;;;;;;;;;;;;;;;;;;;;;;;;;;;;;;;;;;;;;;;;;;;;;;;;;;;;;;;;;;;;;;;;;;;;;;;;;;;;;;;;;;;;;;;;;;;;;;;;;;;;;;;;;;;;;;;;;;;;;;;;;;;;;;;;;;;;;;;;;;;;;;;;;;;;;;;;;;;;;;;;;;;;;;;;;;;;;;;;;;;;;;;;;"1";"0";"165";"120";"1";"Desvenlafaxin 250mg, bei Bedarf Medikinet 40mg";"0";;;"IJR";"SS";"1";"2";"1";"1";"1";"CPS";;;;;;;;;"2";;;;;;;;;"1";;;;;;;;;"0";;;;;;;;;;;;;;;;;;;;;;;;;;;;;"Y";;;"Y";;;;;;;;;;;;;;;;;;;"3";;;"2";;;;;;;;;;;;;;;;;;;;;;;;;;;;;;;"Y";;;;;;;;;;;;;;;;;;;;;;;;;;;;;"Y";;;;;;;;;;;;;;;;;;;;;;;;;;;;;;;"Y";;;;;;;;;;;;;;;;;;;;;;;;;;;;"Y";;;;;;;;;;"Y";;;;;;;;;;;;;;;;;;;;;;"2";;;;;;;;;;;;;;;;;;;;;;;;;;;;;;;;"Y";;;;;;;;;;;;;;;;;;;;;;;;;;;;;;;;"Y";;;;;;;;;"Y";;;;;;;;;;;;;;;;;;;;;;"2";;;;;;;;;;;;;;;;;;;;;;;;;;;;;;;"Y";;;;;;;;;;;;;;;;;;;;;;;;;;;;;"Y";;;;;;"Y";;;;;;;;;;;;;;;;;;;;;;"3";;;;;;;;;"CPS und ich sind beide mit ADHS diagnostiziert. Ich bin außerdem mit PTBS diagnostiziert.";"1";"Y";;;;;;"Y";;"PTBS, ADHS";"6";"4";;;;;;;;;;;"4";"4";;;"4";"4";"1996/08/31 22:00:00";"1";;"4";;;;;"Y";;;;;;;;;;"1";;;"2767,35";;;;;;;;;;"2,93";;"181,29";;"374,97";;;"15,10";;"21,10";;;;;;;;;;;;;;;;;;;;;;;;;;;;"459,07";;"26,82";;"43,45";;"12,24";;"10,87";;"27,02";;"20,91";;;;;;;;;;;;;;;;;;;;;;;;;;;;;;;;;;;;;;;;;;;;;;;;;;;;;"393,57";;;;;;;;;"102,07";;;;;;;;;;;;;"372,61";;;;;;;;;;;;;;;;;;;;;;;;;;;"511,26";;;;"182,97";;;;;;"9,10";;;;TRUE;"7";"log_2sd_combined_adults_adolescents";FALSE;"47,6183498390268";"8,19960116374609";"same_response_on_all_raw_IDAS_items"
"823";;"26";"de";"1736202741";"2026/01/20 13:04:35";"2026/01/20 15:35:31";"https://umfragen.uni-hamburg.de/ru5389bb";"90012";"9";"NA";"NA";"NA";;"NA";"NA";"NA";"1";"1";"1";"1";"1";"1";"1";"1";"1";"1";"1";"1";"1";"1";"1";"1";"1";"1";"1";"1";"1";"1";"1";"1";"1";"1";"1";"1";"1";"1";"1";"1";"1";"1";"1";"1";"1";"1";"1";"1";"1";"1";"1";"1";"1";"1";"1";"1";"1";"1";"1";"1";"1";"1";"1";"1";"1";"1";"1";"1";"1";"1";"1";"1";"1";"1";"1";"1";"1";"1";"1";"1";"1";"1";"1";"1";"1";"1";"1";"1";"1";"1";"1";"1";"1";"1";"1";"1";"1";"1";"1";"1";"1";"1";"1";"1";"1";"1";"1";"0";"1";"1";"0";"0";"0";"0";"0";"0";"1";"0";"0";"0";"0";"0";"0";"0";"0";"0";"2";;"1";"1";;;;;;;"0";;;;;;;;;;"2";"2";"2";"2";"2";"0";"1";"1";"0";"0";"1";"1";;"1";"6";"4";"0";;;"0";;;"0";;;"0";;;"0";;;"0";;;"0";;;"2";"0";"1";"2";"3";"3";"4";"2";"3";"3";"2";"3";"3";"4";"1";"2";"2";"2";"4";"3";"2";"3";"3";"4";"4";"3";"3";"2";"2";"3";"4";"1";"4";"1";"3";"4";"4";"4";"3";"4";"3";"3";"1";"4";"5";"1";"4";"1";"1";"3";"4";"5";"1";"3";"4";"3";"3";"3";"4";"3";"3";"3";"4";"3";"2";"3";"4";"4";"3";"2";"2";"0";"1";"0";"0";"3";"2";"0";"1";"1";"1";"1";"1";"1";"1";"1";"1";"1";"1";"1";"1";"1";"1";"1";"1";"1";"1";"1";"1";"1";"1";"1";"1";"1";"1";"1";"NA";"3";"2";"1";"NA";"1";"1";"0";"2";"4";"2";"3";"0";"2";"4";"0";"2";"2";"1";"1";"1";"1";"1";"5";"6";"1";"1";"2";"1";"1";"1";"1";"1";"1";"1";"5";"1";"1";"1";"1";"1";"0";"0";"4";"0";"2";"0";"1";"0";"1";"0";"0";"0";"2";"0";"0";"1";"0";"0";"0";"0";"0";"2";"2";"0";"1";"4";"1";"1";"2";"1";"4";"4";"1";"4";"1";"1";"1";"1";"1";"2";"4";"1";"1";"1";"1";"1";"1";"1";"1";"1";"4";"4";"4";"1";"2";"4";"4";"1";"1";"NA";"0";"0";"0";"0";"0";"NA";"2";"3";"2";"2";"3";"NA";"0";"0";"0";"0";"0";"NA";"1";"0";"2";"1";"0";"NA";"0";"0";"0";"0";"0";"0";"3";"2";"1";"0";"0";"1";"4";"3";"0";"0";"1";"3";"4";"2";"0";"0";"0";"1";"1";"1";"3";"1";"2";"1";"1";"2";"1";"3";"3";"3";"1";"1";"2";"1";"2";"1";"4";"1";"4";"1";"1";"1";"1";"2";"2";"1";"1";"2";"1";"3";"2";"1";"1";"1";"3";"1";"2";"3";"1";"2";"3";"2";"1";"1";"1";"1";"1";"1";"2";"2";"1";"1";"1";"1";"3";"1";"1";"1";"1";"1";"1";"1";"1";"0";"165";"95";"1";"Risperidon (1mg), Sertralin (2x100mg und 1x50mg= 250mg)";"0";"NA";"NA";"BS";"JS";"1";"2";"1";"1";"1";"OS";"NA";"NA";"NA";"NA";"NA";"NA";"NA";"NA";"2";;;;;;;;;"1";;;;;;;;;"0";"NA";"NA";"NA";"NA";"NA";"NA";"NA";"NA";"NA";;;;"NA";"NA";"NA";"NA";"NA";"NA";;;;"NA";"NA";"NA";"NA";"NA";"NA";"NA";"Y";"Y";"Y";"NA";"NA";"NA";"NA";"NA";"NA";"NA";"NA";"NA";"NA";"NA";"NA";"NA";"NA";"NA";"NA";"NA";"NA";"NA";"3";"3";"3";;;;;;;;;;;"NA";"NA";"NA";"NA";"NA";"NA";"NA";"NA";"NA";"NA";"NA";"NA";"NA";"NA";"NA";"NA";"NA";"NA";"NA";"NA";"NA";"Y";;;;;;;;"NA";"NA";"NA";"NA";"NA";"NA";"NA";"NA";"NA";"NA";"NA";"NA";"NA";"NA";"NA";"NA";"NA";"NA";"NA";"NA";"NA";"Y";;;;;;;;;;"NA";"NA";"NA";"NA";"NA";"NA";"NA";"NA";"NA";"NA";"NA";"NA";"NA";"NA";"NA";"NA";"NA";"NA";"NA";"NA";"NA";"Y";;;;;;;"NA";"Y";"Y";"NA";"NA";"NA";"NA";"NA";"NA";"NA";"NA";"NA";"NA";"NA";"NA";"NA";"NA";"NA";"NA";"NA";"NA";"NA";;"2";"2";;;;;;;"NA";"NA";"NA";"NA";"NA";"NA";"NA";"NA";"NA";"NA";"NA";"NA";"NA";"NA";"NA";"NA";"NA";"NA";"NA";"NA";"NA";"Y";;;;;;;;;;;;"NA";"NA";"NA";"NA";"NA";"NA";"NA";"NA";"NA";"NA";"NA";"NA";"NA";"NA";"NA";"NA";"NA";"NA";"NA";"NA";"NA";"Y";;;;;;;;;;;"Y";"Y";"Y";"NA";"NA";"NA";"NA";"NA";"NA";"NA";"NA";"NA";"NA";"NA";"NA";"NA";"NA";"NA";"NA";"NA";"NA";"NA";"2";"2";"2";;;;;;"NA";"NA";"NA";"NA";"NA";"NA";"NA";"NA";"NA";"NA";"NA";"NA";"NA";"NA";"NA";"NA";"NA";"NA";"NA";"NA";"NA";"Y";;;;;;;;;;;"Y";"NA";"NA";"NA";"NA";"NA";"NA";"NA";"NA";"NA";"NA";"NA";"NA";"NA";"NA";"NA";"NA";"NA";"NA";"NA";"NA";"NA";"3";;;;;;;"NA";"NA";"NA";"NA";"NA";"NA";"NA";"NA";"NA";"NA";"NA";"NA";"NA";"NA";"NA";"NA";"NA";"NA";"NA";"NA";"NA";"Y";;;;;;"NA";"NA";"NA";"NA";"NA";"NA";"NA";"NA";"NA";"NA";"NA";"NA";"NA";"NA";"NA";"NA";"NA";"NA";"NA";"NA";"NA";"Y";;;;;;;;;;"OS hat geistige Behinderung und hatte mal einen undefinierten Nervenzusammenbruch, er ist nicht mehr selbststÃ¤ndig und lebt bei Eltern";"1";"Y";"NA";"Y";"NA";"NA";"NA";"NA";"NA";"NA";"0";"4";;;"0";"4";;;;;;;;;;;;;;"1";"NA";"3";"NA";"NA";"NA";"NA";"NA";"NA";"NA";"NA";"NA";"NA";"NA";"Y";"NA";"NA";"1";"NA";"NA";"9007,81";;"NA";"NA";"NA";"NA";"NA";"NA";"NA";"NA";"6,83";"NA";"96,00";"NA";"517,63";"NA";"NA";"240,13";"NA";"114,24";"NA";"NA";"NA";"NA";"NA";"NA";"NA";"NA";"NA";"NA";"NA";"NA";"NA";"NA";"NA";"NA";"NA";"NA";"NA";"NA";"NA";"NA";"NA";"NA";"NA";"NA";"NA";"177,79";"NA";"832,91";"NA";"1448,61";"NA";"188,17";"NA";"239,92";"NA";"179,03";"NA";"424,13";"NA";"NA";"NA";"NA";"NA";"NA";"NA";"NA";"NA";"NA";"NA";"402,09";"NA";"290,66";"NA";"445,74";"NA";"610,88";"NA";"NA";"NA";"NA";"NA";"NA";"NA";"NA";"NA";"NA";"NA";"NA";"NA";"NA";"NA";"NA";"NA";"NA";"NA";"NA";"NA";"NA";"NA";"NA";"NA";"NA";"NA";"NA";"NA";"NA";"897,65";"NA";"1029,04";"NA";"153,43";"NA";"NA";"NA";"NA";"NA";"NA";"NA";"NA";"98,48";"NA";"NA";"NA";"NA";"NA";"NA";"NA";"NA";"NA";"NA";"NA";"NA";"433,27";"NA";"NA";"NA";"NA";"NA";"NA";"NA";"NA";"NA";"NA";"NA";"NA";"NA";"NA";"NA";"NA";"NA";"NA";"NA";"NA";"NA";"NA";"NA";"NA";"NA";"NA";"133,64";"NA";"NA";"NA";"36,73";"NA";"NA";"NA";"NA";"NA";"10,81";"NA";;"NA";TRUE;"9";"log_2sd_combined_adults_adolescents";FALSE;"47,6183498390268";"8,19960116374609";"same_response_on_all_raw_IDAS_items"
