"dataset";"row_index";"entered_key";"canonical_key_used_for_match";"mapped_participant_ID";"id"
"children_parents";96;"XXXXX";"XXXXX";NA;158
"children_parents";150;"80624";"80624";"80013";212
"children_parents";153;"80547";"80547";"80014";215
"children_parents";157;"80624";"80624";"80013";219
"children_parents";164;"80665";"80665";"80015";226
"children_parents";165;"80665";"80665";"80015";227
"children_parents";185;"XXXXX";"XXXXX";NA;247
"children_parents";270;"80635";"80635";"80018";332
"children_parents";271;"80635";"80635";"80018";333
"children_parents";272;"80569";"80569";"80019";334
"children_parents";273;"80569";"80569";"80019";335
"children_parents";280;"XXXXX";"XXXXX";NA;342
